id,date,time,epoch,max_epochs,t_loss,t_acc,mcc,acc,prec,recall,f1,auroc,aupr,frac_pos,input_mode,coord_struct,dom_struct,concat_struct,reg,drop,batchsize,act,optim,lr,lr_sched,lr_plat,class_weight,train_path,test_path,coord_path,dom_path,coord_norm,aux_output_weights
1,20170604,1248,1,5,0.397091696823,0.818211042815,0.0675542323784,0.832187262895,0.00784681941675,n/a,n/a,0.883527944662,0.0413329842817,0.168771795198,cd,[128; 1],[128; 1],[],0,0,64,relu,adam,0.001,[1; 'pow2'],[],{0: 1.0; 1: 1.0},arrays/090_embed/nl_train_res_01_emb.npy,arrays/090_embed/nl_test_01_emb.npy,arrays/090_embed/4D_coord_4x16k.npy,arrays/encoded_dom_20_relu_1.npy,man,[]
1,20170604,1535,2,5,0.389651731933,0.822544222482,0.0656787388462,0.81509309099,0.00733353229871,n/a,n/a,0.88533505703,0.04160762141,0.18594458474,cd,[128; 1],[128; 1],[],0,0,64,relu,adam,0.001,[1; 'pow2'],[],{0: 1.0; 1: 1.0},arrays/090_embed/nl_train_res_01_emb.npy,arrays/090_embed/nl_test_01_emb.npy,arrays/090_embed/4D_coord_4x16k.npy,arrays/encoded_dom_20_relu_1.npy,man,[]
1,20170604,1822,3,5,0.388177218762,0.823426865051,0.0662263961556,0.818372602586,0.00744316563459,n/a,n/a,0.885813591088,0.0428866034041,0.182656903076,cd,[128; 1],[128; 1],[],0,0,64,relu,adam,0.001,[1; 'pow2'],[],{0: 1.0; 1: 1.0},arrays/090_embed/nl_train_res_01_emb.npy,arrays/090_embed/nl_test_01_emb.npy,arrays/090_embed/4D_coord_4x16k.npy,arrays/encoded_dom_20_relu_1.npy,man,[]
1,20170604,2108,4,5,0.387378222085,0.823847872431,0.0662977021515,0.817608084606,0.00743449592664,n/a,n/a,0.886432297129,0.0428242561105,0.183429745276,cd,[128; 1],[128; 1],[],0,0,64,relu,adam,0.001,[1; 'pow2'],[],{0: 1.0; 1: 1.0},arrays/090_embed/nl_train_res_01_emb.npy,arrays/090_embed/nl_test_01_emb.npy,arrays/090_embed/4D_coord_4x16k.npy,arrays/encoded_dom_20_relu_1.npy,man,[]
1,20170605,12,5,5,0.386926375721,0.824116096605,0.0681614332979,0.829185071158,0.00783555341428,n/a,n/a,0.886683618334,0.0436962554359,0.17181792032,cd,[128; 1],[128; 1],[],0,0,64,relu,adam,0.001,[1; 'pow2'],[],{0: 1.0; 1: 1.0},arrays/090_embed/nl_train_res_01_emb.npy,arrays/090_embed/nl_test_01_emb.npy,arrays/090_embed/4D_coord_4x16k.npy,arrays/encoded_dom_20_relu_1.npy,man,[]
2,20170604,1248,1,5,0.366677481351,0.836503185976,0.0722577913066,0.843536797833,0.00855402850886,n/a,n/a,0.895825852959,0.0434495175536,0.157467581015,cd,[128; 1],[128; 1],[],0,0,64,relu,adam,0.001,[1; 'pow2'],[],{0: 1.0; 1: 1.0},arrays/090_embed/nl_train_res_01_emb.npy,arrays/090_embed/nl_test_01_emb.npy,arrays/090_embed/4D_coord_4x16k.npy,arrays/encoded_dom_64_tanh_1.npy,man,[]
2,20170604,1530,2,5,0.356978791358,0.841782519187,0.0720847564405,0.841877734468,0.00849484056736,n/a,n/a,0.896109496007,0.0426997982365,0.159136355971,cd,[128; 1],[128; 1],[],0,0,64,relu,adam,0.001,[1; 'pow2'],[],{0: 1.0; 1: 1.0},arrays/090_embed/nl_train_res_01_emb.npy,arrays/090_embed/nl_test_01_emb.npy,arrays/090_embed/4D_coord_4x16k.npy,arrays/encoded_dom_64_tanh_1.npy,man,[]
2,20170604,1812,3,5,0.355053897865,0.842804914211,0.0714770016981,0.838692255731,0.00835801534764,n/a,n/a,0.896098763731,0.0442812599579,0.16233170045,cd,[128; 1],[128; 1],[],0,0,64,relu,adam,0.001,[1; 'pow2'],[],{0: 1.0; 1: 1.0},arrays/090_embed/nl_train_res_01_emb.npy,arrays/090_embed/nl_test_01_emb.npy,arrays/090_embed/4D_coord_4x16k.npy,arrays/encoded_dom_64_tanh_1.npy,man,[]
2,20170604,2055,4,5,0.354256252012,0.843249186502,0.0724034928387,0.842864000429,0.00855021178149,n/a,n/a,0.896371660428,0.0393925179298,0.158150860771,cd,[128; 1],[128; 1],[],0,0,64,relu,adam,0.001,[1; 'pow2'],[],{0: 1.0; 1: 1.0},arrays/090_embed/nl_train_res_01_emb.npy,arrays/090_embed/nl_test_01_emb.npy,arrays/090_embed/4D_coord_4x16k.npy,arrays/encoded_dom_64_tanh_1.npy,man,[]
2,20170604,2340,5,5,0.35389071213,0.843420863871,0.0714459473208,0.838130370856,0.00834128236866,n/a,n/a,0.89644300765,0.0407719237092,0.162897593283,cd,[128; 1],[128; 1],[],0,0,64,relu,adam,0.001,[1; 'pow2'],[],{0: 1.0; 1: 1.0},arrays/090_embed/nl_train_res_01_emb.npy,arrays/090_embed/nl_test_01_emb.npy,arrays/090_embed/4D_coord_4x16k.npy,arrays/encoded_dom_64_tanh_1.npy,man,[]
3,20170605,229,1,5,0.375253031831,0.831406969572,0.0693989181083,0.832772887213,0.00802700438024,n/a,n/a,0.890906039271,0.0397842134677,0.168238428486,cd,[128; 1],[128; 1],[],0,0,64,relu,adam,0.001,[1; 'pow2'],[],{0: 1.0; 1: 1.0},arrays/090_embed/nl_train_res_01_emb.npy,arrays/090_embed/nl_test_01_emb.npy,arrays/090_embed/4D_coord_4x16k.npy,arrays/encoded_dom_64_relu_1.npy,man,[]
3,20170605,517,2,5,0.366015873748,0.836579032844,0.0705206949523,0.838383257588,0.00826197146916,n/a,n/a,0.891777855676,0.0412725194217,0.16261418441,cd,[128; 1],[128; 1],[],0,0,64,relu,adam,0.001,[1; 'pow2'],[],{0: 1.0; 1: 1.0},arrays/090_embed/nl_train_res_01_emb.npy,arrays/090_embed/nl_test_01_emb.npy,arrays/090_embed/4D_coord_4x16k.npy,arrays/encoded_dom_64_relu_1.npy,man,[]
3,20170605,811,3,5,0.364362624953,0.837505198468,0.0696959607526,0.831608652503,0.00802735076952,n/a,n/a,0.892436693749,0.0379664025637,0.169421778072,cd,[128; 1],[128; 1],[],0,0,64,relu,adam,0.001,[1; 'pow2'],[],{0: 1.0; 1: 1.0},arrays/090_embed/nl_train_res_01_emb.npy,arrays/090_embed/nl_test_01_emb.npy,arrays/090_embed/4D_coord_4x16k.npy,arrays/encoded_dom_64_relu_1.npy,man,[]
3,20170605,1107,4,5,0.363653869222,0.837913912848,0.0707452810022,0.838445612165,0.00828425933828,n/a,n/a,0.892554400977,0.0381243265442,0.162558150075,cd,[128; 1],[128; 1],[],0,0,64,relu,adam,0.001,[1; 'pow2'],[],{0: 1.0; 1: 1.0},arrays/090_embed/nl_train_res_01_emb.npy,arrays/090_embed/nl_test_01_emb.npy,arrays/090_embed/4D_coord_4x16k.npy,arrays/encoded_dom_64_relu_1.npy,man,[]
3,20170605,1400,5,5,0.363282093966,0.838120543342,0.0708469589913,0.838097073975,0.00828514682101,n/a,n/a,0.892784861889,0.0386851504311,0.162912854354,cd,[128; 1],[128; 1],[],0,0,64,relu,adam,0.001,[1; 'pow2'],[],{0: 1.0; 1: 1.0},arrays/090_embed/nl_train_res_01_emb.npy,arrays/090_embed/nl_test_01_emb.npy,arrays/090_embed/4D_coord_4x16k.npy,arrays/encoded_dom_64_relu_1.npy,man,[]
4,20170605,146,1,5,0.3102001505,0.864788037149,0.0755397905469,0.857171254186,0.00925970591483,n/a,n/a,0.89480958738,0.0585401639315,0.143802294217,cd,[128],[128],[128],0,0,64,relu,adam,0.001,[1; 'pow2'],[],{0: 1.0; 1: 1.0},arrays/090_embed/nl_train_res_01_emb.npy,arrays/090_embed/nl_test_01_emb.npy,arrays/090_embed/4D_coord_4x16k.npy,arrays/encoded_dom_64_relu_1.npy,man,[]
4,20170605,402,2,5,0.29212754158,0.874241264311,0.0755169970107,0.85811142863,0.00928675639045,n/a,n/a,0.894534261688,0.0576547547937,0.142852254029,cd,[128],[128],[128],0,0,64,relu,adam,0.001,[1; 'pow2'],[],{0: 1.0; 1: 1.0},arrays/090_embed/nl_train_res_01_emb.npy,arrays/090_embed/nl_test_01_emb.npy,arrays/090_embed/4D_coord_4x16k.npy,arrays/encoded_dom_64_relu_1.npy,man,[]
4,20170605,619,3,5,0.288241156401,0.876225991944,0.0762230209086,0.861679975656,0.00947202915049,n/a,n/a,0.893490527608,0.0574923543238,0.139268754237,cd,[128],[128],[128],0,0,64,relu,adam,0.001,[1; 'pow2'],[],{0: 1.0; 1: 1.0},arrays/090_embed/nl_train_res_01_emb.npy,arrays/090_embed/nl_test_01_emb.npy,arrays/090_embed/4D_coord_4x16k.npy,arrays/encoded_dom_64_relu_1.npy,man,[]
4,20170605,836,4,5,0.286535099978,0.877118920143,0.0771300548624,0.866302538548,0.00972087758702,n/a,n/a,0.894058838932,0.0574214221143,0.134625226642,cd,[128],[128],[128],0,0,64,relu,adam,0.001,[1; 'pow2'],[],{0: 1.0; 1: 1.0},arrays/090_embed/nl_train_res_01_emb.npy,arrays/090_embed/nl_test_01_emb.npy,arrays/090_embed/4D_coord_4x16k.npy,arrays/encoded_dom_64_relu_1.npy,man,[]
4,20170605,1051,5,5,0.285681961848,0.877592552374,0.0770788145245,0.866070847748,0.0097075393031,n/a,n/a,0.894624209483,0.0581777984749,0.134857842356,cd,[128],[128],[128],0,0,64,relu,adam,0.001,[1; 'pow2'],[],{0: 1.0; 1: 1.0},arrays/090_embed/nl_train_res_01_emb.npy,arrays/090_embed/nl_test_01_emb.npy,arrays/090_embed/4D_coord_4x16k.npy,arrays/encoded_dom_64_relu_1.npy,man,[]
5,20170605,1313,1,5,0.304866817955,0.867784355176,0.0737199633247,0.851658308019,0.00891630248839,n/a,n/a,0.892599779728,0.0518351803053,0.149314777927,cd,[128],[128],[128],0,0,64,relu,adam,0.001,[1; 'pow2'],[],{0: 1.0; 1: 1.0},arrays/090_embed/nl_train_res_01_emb.npy,arrays/090_embed/nl_test_01_emb.npy,arrays/090_embed/4D_coord_4x16k.npy,arrays/encoded_dom_64_tanh_1.npy,man,[]
5,20170605,1534,2,5,0.287463672422,0.876868097471,0.0766006428258,0.864846031212,0.00961627777891,n/a,n/a,0.893798872683,0.0554634392745,0.136081579826,cd,[128],[128],[128],0,0,64,relu,adam,0.001,[1; 'pow2'],[],{0: 1.0; 1: 1.0},arrays/090_embed/nl_train_res_01_emb.npy,arrays/090_embed/nl_test_01_emb.npy,arrays/090_embed/4D_coord_4x16k.npy,arrays/encoded_dom_64_tanh_1.npy,man,[]
5,20170605,1754,3,5,0.283837047257,0.878744504298,0.0757230424681,0.861708493819,0.00942237309829,n/a,n/a,0.893653667577,0.0553632579563,0.139225591613,cd,[128],[128],[128],0,0,64,relu,adam,0.001,[1; 'pow2'],[],{0: 1.0; 1: 1.0},arrays/090_embed/nl_train_res_01_emb.npy,arrays/090_embed/nl_test_01_emb.npy,arrays/090_embed/4D_coord_4x16k.npy,arrays/encoded_dom_64_tanh_1.npy,man,[]
5,20170605,2014,4,5,0.282267489474,0.879554860079,0.0773396882021,0.869364233045,0.0098511891508,n/a,n/a,0.893594897645,0.054523450504,0.131537788723,cd,[128],[128],[128],0,0,64,relu,adam,0.001,[1; 'pow2'],[],{0: 1.0; 1: 1.0},arrays/090_embed/nl_train_res_01_emb.npy,arrays/090_embed/nl_test_01_emb.npy,arrays/090_embed/4D_coord_4x16k.npy,arrays/encoded_dom_64_tanh_1.npy,man,[]
5,20170605,2235,5,5,0.281438173098,0.879997969982,0.076563269586,0.865287369044,0.0096275039068,n/a,n/a,0.893703492903,0.0553926303247,0.135634692514,cd,[128],[128],[128],0,0,64,relu,adam,0.001,[1; 'pow2'],[],{0: 1.0; 1: 1.0},arrays/090_embed/nl_train_res_01_emb.npy,arrays/090_embed/nl_test_01_emb.npy,arrays/090_embed/4D_coord_4x16k.npy,arrays/encoded_dom_64_tanh_1.npy,man,[]
6,20170605,1543,1,5,0.456184303198,0.785946991193,0.0554442350487,0.786985590158,0.00605467511429,n/a,n/a,0.855064739377,0.0199938775605,0.213915198392,d,[],[128],[],0,0,64,relu,adam,0.001,[None; None],[],{0: 1.0; 1: 1.0},arrays/090_embed/nl_train_res_01_emb.npy,arrays/090_embed/nl_test_01_emb.npy,arrays/090_embed/4D_coord_4x16k.npy,arrays/encoded_dom_64_tanh_1.npy,man,[]
6,20170605,1700,2,5,0.447527721825,0.79167821012,0.0558221339127,0.787081472844,0.00608552098014,n/a,n/a,0.856420993344,0.0198879811103,0.213831493732,d,[],[128],[],0,0,64,relu,adam,0.001,[None; None],[],{0: 1.0; 1: 1.0},arrays/090_embed/nl_train_res_01_emb.npy,arrays/090_embed/nl_test_01_emb.npy,arrays/090_embed/4D_coord_4x16k.npy,arrays/encoded_dom_64_tanh_1.npy,man,[]
6,20170605,1816,3,5,0.446000550305,0.792671489692,0.0606758796073,0.830286488835,0.00718657144252,n/a,n/a,0.857855743598,0.0192890122445,0.17047417534,d,[],[128],[],0,0,64,relu,adam,0.001,[None; None],[],{0: 1.0; 1: 1.0},arrays/090_embed/nl_train_res_01_emb.npy,arrays/090_embed/nl_test_01_emb.npy,arrays/090_embed/4D_coord_4x16k.npy,arrays/encoded_dom_64_tanh_1.npy,man,[]
6,20170605,1933,4,5,0.44524822909,0.793084896515,0.0594173417947,0.81933759554,0.00687227715749,n/a,n/a,0.858102580345,0.0201366256551,0.18146700202,d,[],[128],[],0,0,64,relu,adam,0.001,[None; None],[],{0: 1.0; 1: 1.0},arrays/090_embed/nl_train_res_01_emb.npy,arrays/090_embed/nl_test_01_emb.npy,arrays/090_embed/4D_coord_4x16k.npy,arrays/encoded_dom_64_tanh_1.npy,man,[]
6,20170605,2050,5,5,0.444806469577,0.793377110483,0.0536724198197,0.758604006663,0.00558640389478,n/a,n/a,0.858274323515,0.0200370948529,0.242414862495,d,[],[128],[],0,0,64,relu,adam,0.001,[None; None],[],{0: 1.0; 1: 1.0},arrays/090_embed/nl_train_res_01_emb.npy,arrays/090_embed/nl_test_01_emb.npy,arrays/090_embed/4D_coord_4x16k.npy,arrays/encoded_dom_64_tanh_1.npy,man,[]
7,20170605,2300,1,5,0.3983634548,0.816806668327,0.0580700627422,0.783973840983,0.00621939443916,n/a,n/a,0.861570106034,0.0415727531894,0.217036241497,c,[128],[],[],0,0,64,relu,adam,0.001,[None; None],[],{0: 1.0; 1: 1.0},arrays/090_embed/nl_train_res_01_emb.npy,arrays/090_embed/nl_test_01_emb.npy,arrays/090_embed/4D_coord_4x16k.npy,arrays/encoded_dom_64_tanh_1.npy,man,[]
7,20170606,16,2,5,0.395089483279,0.81862759795,0.0578434570124,0.783232754142,0.00619193841118,n/a,n/a,0.860918693859,0.0427733348976,0.217774553598,c,[128],[],[],0,0,64,relu,adam,0.001,[None; None],[],{0: 1.0; 1: 1.0},arrays/090_embed/nl_train_res_01_emb.npy,arrays/090_embed/nl_test_01_emb.npy,arrays/090_embed/4D_coord_4x16k.npy,arrays/encoded_dom_64_tanh_1.npy,man,[]
7,20170606,132,3,5,0.394335355487,0.818934592686,0.0654789711295,0.841941784719,0.00787733537742,n/a,n/a,0.861070956196,0.0411414462081,0.158871599517,c,[128],[],[],0,0,64,relu,adam,0.001,[None; None],[],{0: 1.0; 1: 1.0},arrays/090_embed/nl_train_res_01_emb.npy,arrays/090_embed/nl_test_01_emb.npy,arrays/090_embed/4D_coord_4x16k.npy,arrays/encoded_dom_64_tanh_1.npy,man,[]
7,20170606,247,4,5,0.393864228052,0.819109667143,0.0604046938427,0.801268256634,0.00665585468199,n/a,n/a,0.86349622828,0.0448946173905,0.199700513049,c,[128],[],[],0,0,64,relu,adam,0.001,[None; None],[],{0: 1.0; 1: 1.0},arrays/090_embed/nl_train_res_01_emb.npy,arrays/090_embed/nl_test_01_emb.npy,arrays/090_embed/4D_coord_4x16k.npy,arrays/encoded_dom_64_tanh_1.npy,man,[]
7,20170606,409,5,5,0.393714197666,0.819174859505,0.0645484740955,0.83353409092,0.00760346979134,n/a,n/a,0.862577996349,0.0415134172638,0.167320760266,c,[128],[],[],0,0,64,relu,adam,0.001,[None; None],[],{0: 1.0; 1: 1.0},arrays/090_embed/nl_train_res_01_emb.npy,arrays/090_embed/nl_test_01_emb.npy,arrays/090_embed/4D_coord_4x16k.npy,arrays/encoded_dom_64_tanh_1.npy,man,[]
8,20170606,29,1,5,0.110836231279,0.996639241788,0.104608232879,0.997557149627,0.13530860512,n/a,n/a,0.852995934444,0.044168718091,0.00103274285836,cd,[128],[128],[128],0,0,64,relu,adam,0.001,[None; None],[],{0: 1.0; 1: 20.0},arrays/090_embed/nl_train_01_emb.npy,arrays/090_embed/nl_test_01_emb.npy,arrays/090_embed/4D_coord_4x16k.npy,arrays/encoded_dom_64_tanh_1.npy,man,[]
8,20170606,138,2,5,0.106766871944,0.996459012149,0.116742288986,0.995407728021,0.0828348619788,n/a,n/a,0.85930919074,0.046178968652,0.00347906165688,cd,[128],[128],[128],0,0,64,relu,adam,0.001,[None; None],[],{0: 1.0; 1: 20.0},arrays/090_embed/nl_train_01_emb.npy,arrays/090_embed/nl_test_01_emb.npy,arrays/090_embed/4D_coord_4x16k.npy,arrays/encoded_dom_64_tanh_1.npy,man,[]
8,20170606,247,3,5,0.105914607085,0.996477219239,0.119682077881,0.994522740074,0.0751461078258,n/a,n/a,0.860141202959,0.0493402827193,0.00445762000674,cd,[128],[128],[128],0,0,64,relu,adam,0.001,[None; None],[],{0: 1.0; 1: 20.0},arrays/090_embed/nl_train_01_emb.npy,arrays/090_embed/nl_test_01_emb.npy,arrays/090_embed/4D_coord_4x16k.npy,arrays/encoded_dom_64_tanh_1.npy,man,[]
8,20170606,354,4,5,0.105109761603,0.996357254555,0.121433726433,0.993443289091,0.0679538581535,n/a,n/a,0.868671472523,0.0423432503928,0.00563264537249,cd,[128],[128],[128],0,0,64,relu,adam,0.001,[None; None],[],{0: 1.0; 1: 20.0},arrays/090_embed/nl_train_01_emb.npy,arrays/090_embed/nl_test_01_emb.npy,arrays/090_embed/4D_coord_4x16k.npy,arrays/encoded_dom_64_tanh_1.npy,man,[]
8,20170606,501,5,5,0.104577301438,0.99631446875,0.119043492811,0.994546017061,0.0749939085941,n/a,n/a,0.864824516536,0.047643313125,0.00442863938768,cd,[128],[128],[128],0,0,64,relu,adam,0.001,[None; None],[],{0: 1.0; 1: 20.0},arrays/090_embed/nl_train_01_emb.npy,arrays/090_embed/nl_test_01_emb.npy,arrays/090_embed/4D_coord_4x16k.npy,arrays/encoded_dom_64_tanh_1.npy,man,[]
9,20170605,1935,1,5,0.33780799196,0.849472515764,0.0736987291753,0.847902080654,0.00880830841413,n/a,n/a,0.891537450944,0.0598617490404,0.153105535391,cd,[128],[128],[128],0,0,64,relu,adam,0.01,[None; None],[],{0: 1.0; 1: 1.0},arrays/090_embed/nl_train_res_01_emb.npy,arrays/090_embed/nl_test_01_emb.npy,arrays/090_embed/4D_coord_4x16k.npy,arrays/encoded_dom_64_tanh_1.npy,man,[]
9,20170606,258,2,5,0.329495597362,0.853749785012,0.0694192620092,0.825050477147,0.00785795947892,n/a,n/a,0.892424268487,0.0581847210786,0.176026353248,cd,[128],[128],[128],0,0,64,relu,adam,0.01,[None; None],[],{0: 1.0; 1: 1.0},arrays/090_embed/nl_train_res_01_emb.npy,arrays/090_embed/nl_test_01_emb.npy,arrays/090_embed/4D_coord_4x16k.npy,arrays/encoded_dom_64_tanh_1.npy,man,[]
9,20170606,1021,3,5,0.327269878088,0.854857617675,0.0732047826959,0.847207624863,0.008741947415,n/a,n/a,0.891299161915,0.0579446584262,0.153791666962,cd,[128],[128],[128],0,0,64,relu,adam,0.01,[None; None],[],{0: 1.0; 1: 1.0},arrays/090_embed/nl_train_res_01_emb.npy,arrays/090_embed/nl_test_01_emb.npy,arrays/090_embed/4D_coord_4x16k.npy,arrays/encoded_dom_64_tanh_1.npy,man,[]
9,20170606,1741,4,5,0.326140584326,0.855395949004,0.0726456923858,0.842770584178,0.0085705365827,n/a,n/a,0.89332673206,0.054503980434,0.15825244709,cd,[128],[128],[128],0,0,64,relu,adam,0.01,[None; None],[],{0: 1.0; 1: 1.0},arrays/090_embed/nl_train_res_01_emb.npy,arrays/090_embed/nl_test_01_emb.npy,arrays/090_embed/4D_coord_4x16k.npy,arrays/encoded_dom_64_tanh_1.npy,man,[]
9,20170607,101,5,5,0.325451244162,0.855752197237,0.0730448586475,0.847140337415,0.0087248345683,n/a,n/a,0.890882174677,0.0552187041385,0.1538547923,cd,[128],[128],[128],0,0,64,relu,adam,0.01,[None; None],[],{0: 1.0; 1: 1.0},arrays/090_embed/nl_train_res_01_emb.npy,arrays/090_embed/nl_test_01_emb.npy,arrays/090_embed/4D_coord_4x16k.npy,arrays/encoded_dom_64_tanh_1.npy,man,[]
10,20170608,1430,1,5,0.266234992613,0.887319704128,0.0797752696826,0.878206867358,0.0104516831143,0.758815747457,0.0206193617964,0.893374219308,0.0542654328329,0.122667715313,cd,[1024],[1024],[1024],0,0,64,relu,adam,0.01,[None; None],[],{0: 1.0; 1: 1.0},arrays/090_embed/nl_train_res_01_emb.npy,arrays/090_embed/nl_test_01_emb.npy,arrays/090_embed/4D_coord_4x16k.npy,arrays/encoded_dom_64_tanh_1.npy,man,[]
10,20170608,1817,2,5,0.241788304156,0.90035823673,0.0805958143067,0.883701623562,0.0107770419658,0.747137448109,0.0212475991368,0.890248854984,0.0522243991104,0.117133496139,cd,[1024],[1024],[1024],0,0,64,relu,adam,0.01,[None; None],[],{0: 1.0; 1: 1.0},arrays/090_embed/nl_train_res_01_emb.npy,arrays/090_embed/nl_test_01_emb.npy,arrays/090_embed/4D_coord_4x16k.npy,arrays/encoded_dom_64_tanh_1.npy,man,[]
10,20170608,2201,3,5,0.235815507119,0.903611142187,0.0793303844934,0.878940092436,0.0104334533068,0.752839742712,0.0205816694312,0.889987991272,0.0488014303531,0.121914296294,cd,[1024],[1024],[1024],0,0,64,relu,adam,0.01,[None; None],[],{0: 1.0; 1: 1.0},arrays/090_embed/nl_train_res_01_emb.npy,arrays/090_embed/nl_test_01_emb.npy,arrays/090_embed/4D_coord_4x16k.npy,arrays/encoded_dom_64_tanh_1.npy,man,[]
10,20170609,145,4,5,0.232564565231,0.905364177217,0.0775658228841,0.870531011266,0.00991733387254,0.765202317413,0.0195808914127,0.88987536994,0.0516105132571,0.130365152717,cd,[1024],[1024],[1024],0,0,64,relu,adam,0.01,[None; None],[],{0: 1.0; 1: 1.0},arrays/090_embed/nl_train_res_01_emb.npy,arrays/090_embed/nl_test_01_emb.npy,arrays/090_embed/4D_coord_4x16k.npy,arrays/encoded_dom_64_tanh_1.npy,man,[]
10,20170609,529,5,5,0.23036396461,0.906563885689,0.0789006815439,0.87805826461,0.0103505373617,0.752246704074,0.0204201043295,0.888540536009,0.0483880416403,0.122794120141,cd,[1024],[1024],[1024],0,0,64,relu,adam,0.01,[None; None],[],{0: 1.0; 1: 1.0},arrays/090_embed/nl_train_res_01_emb.npy,arrays/090_embed/nl_test_01_emb.npy,arrays/090_embed/4D_coord_4x16k.npy,arrays/encoded_dom_64_tanh_1.npy,man,[]
11,20170606,23,1,5,0.00650975685057,0.997874514919,0.104376186563,0.997729106438,0.150315281899,n/a,n/a,0.858248947831,0.0403211535862,0.000831188818907,cd,[128],[128],[128],0,0,64,relu,adam,0.001,[None; None],[],{0: 0.1; 1: 1.0},arrays/090_embed/nl_train_01_emb.npy,arrays/090_embed/nl_test_01_emb.npy,arrays/090_embed/4D_coord_4x16k.npy,arrays/encoded_dom_64_tanh_1.npy,man,[]
11,20170606,133,2,5,0.0063048146166,0.997777381892,0.11887584309,0.997017000216,0.119943832948,n/a,n/a,0.863630367628,0.0433422470419,0.0017016093801,cd,[128],[128],[128],0,0,64,relu,adam,0.001,[None; None],[],{0: 0.1; 1: 1.0},arrays/090_embed/nl_train_01_emb.npy,arrays/090_embed/nl_test_01_emb.npy,arrays/090_embed/4D_coord_4x16k.npy,arrays/encoded_dom_64_tanh_1.npy,man,[]
11,20170606,243,3,5,0.00624503211563,0.997807176091,0.118616801103,0.997101167333,0.123204764878,n/a,n/a,0.865409480361,0.0468583646158,0.00160464762804,cd,[128],[128],[128],0,0,64,relu,adam,0.001,[None; None],[],{0: 0.1; 1: 1.0},arrays/090_embed/nl_train_01_emb.npy,arrays/090_embed/nl_test_01_emb.npy,arrays/090_embed/4D_coord_4x16k.npy,arrays/encoded_dom_64_tanh_1.npy,man,[]
11,20170606,353,4,5,0.00621378058924,0.997769177568,0.120421673292,0.997310351908,0.135185289321,n/a,n/a,0.862918004282,0.0461999065154,0.00137064454438,cd,[128],[128],[128],0,0,64,relu,adam,0.001,[None; None],[],{0: 0.1; 1: 1.0},arrays/090_embed/nl_train_01_emb.npy,arrays/090_embed/nl_test_01_emb.npy,arrays/090_embed/4D_coord_4x16k.npy,arrays/encoded_dom_64_tanh_1.npy,man,[]
11,20170606,502,5,5,0.00622383377697,0.99778719625,0.119303074032,0.997566784141,0.151596128846,n/a,n/a,0.860615283066,0.0499199349171,0.00106719588155,cd,[128],[128],[128],0,0,64,relu,adam,0.001,[None; None],[],{0: 0.1; 1: 1.0},arrays/090_embed/nl_train_01_emb.npy,arrays/090_embed/nl_test_01_emb.npy,arrays/090_embed/4D_coord_4x16k.npy,arrays/encoded_dom_64_tanh_1.npy,man,[]
12,20170606,23,1,5,0.0101973941899,0.998336808866,0.0463403300004,0.998281742179,0.252,n/a,n/a,0.853760360573,0.0455566158187,5.78070858847E-05,cd,[128],[128],[128],0,0,64,relu,adam,0.001,[None; None],[],{0: 1.0; 1: 1.0},arrays/090_embed/nl_train_01_emb.npy,arrays/090_embed/nl_test_01_emb.npy,arrays/090_embed/4D_coord_4x16k.npy,arrays/encoded_dom_64_tanh_1.npy,man,[]
12,20170606,133,2,5,0.0099167089178,0.99834614364,0.0548271855336,0.99830532747,0.414507772021,n/a,n/a,0.857234286184,0.0517444197942,2.9751380202E-05,cd,[128],[128],[128],0,0,64,relu,adam,0.001,[None; None],[],{0: 1.0; 1: 1.0},arrays/090_embed/nl_train_01_emb.npy,arrays/090_embed/nl_test_01_emb.npy,arrays/090_embed/4D_coord_4x16k.npy,arrays/encoded_dom_64_tanh_1.npy,man,[]
12,20170606,245,3,5,0.00987798781456,0.998345912411,0.0875831061757,0.99829322652,0.396471680594,n/a,n/a,0.861578100296,0.0542373976119,8.30109753304E-05,cd,[128],[128],[128],0,0,64,relu,adam,0.001,[None; None],[],{0: 1.0; 1: 1.0},arrays/090_embed/nl_train_01_emb.npy,arrays/090_embed/nl_test_01_emb.npy,arrays/090_embed/4D_coord_4x16k.npy,arrays/encoded_dom_64_tanh_1.npy,man,[]
12,20170606,356,4,5,0.00983169444173,0.998346580404,0.0616661574513,0.998303631796,0.411290322581,n/a,n/a,0.864372495746,0.054775554257,3.82297527984E-05,cd,[128],[128],[128],0,0,64,relu,adam,0.001,[None; None],[],{0: 1.0; 1: 1.0},arrays/090_embed/nl_train_01_emb.npy,arrays/090_embed/nl_test_01_emb.npy,arrays/090_embed/4D_coord_4x16k.npy,arrays/encoded_dom_64_tanh_1.npy,man,[]
12,20170606,508,5,5,0.00983653785305,0.998347471062,0.0696014297093,0.998302398578,0.415857605178,n/a,n/a,0.862874745532,0.0543910227473,4.7633038769E-05,cd,[128],[128],[128],0,0,64,relu,adam,0.001,[None; None],[],{0: 1.0; 1: 1.0},arrays/090_embed/nl_train_01_emb.npy,arrays/090_embed/nl_test_01_emb.npy,arrays/090_embed/4D_coord_4x16k.npy,arrays/encoded_dom_64_tanh_1.npy,man,[]
13,20170606,25,1,5,0.00549707688136,0.99664481696,0.109235820332,0.995784707297,0.0830809944273,n/a,n/a,0.855018955357,0.039229008724,0.00302901422424,cd,[128],[128],[128],0,0,64,relu,adam,0.001,[None; None],[],{0: 0.05; 1: 1.0},arrays/090_embed/nl_train_01_emb.npy,arrays/090_embed/nl_test_01_emb.npy,arrays/090_embed/4D_coord_4x16k.npy,arrays/encoded_dom_64_tanh_1.npy,man,[]
13,20170606,136,2,5,0.00531240879968,0.996483256868,0.118490889737,0.994152312268,0.0713922522007,n/a,n/a,0.865212151168,0.0409969891979,0.00485070819076,cd,[128],[128],[128],0,0,64,relu,adam,0.001,[None; None],[],{0: 0.05; 1: 1.0},arrays/090_embed/nl_train_01_emb.npy,arrays/090_embed/nl_test_01_emb.npy,arrays/090_embed/4D_coord_4x16k.npy,arrays/encoded_dom_64_tanh_1.npy,man,[]
13,20170606,246,3,5,0.00528098467864,0.996582607974,0.10984762288,0.996887049887,0.107536022442,n/a,n/a,0.857643518891,0.0413172651409,0.00181336974615,cd,[128],[128],[128],0,0,64,relu,adam,0.001,[None; None],[],{0: 0.05; 1: 1.0},arrays/090_embed/nl_train_01_emb.npy,arrays/090_embed/nl_test_01_emb.npy,arrays/090_embed/4D_coord_4x16k.npy,arrays/encoded_dom_64_tanh_1.npy,man,[]
13,20170606,357,4,5,0.00525980339491,0.996463037235,0.11261469986,0.996693665916,0.10395740503,n/a,n/a,0.85999976225,0.0402059794742,0.00204112966453,cd,[128],[128],[128],0,0,64,relu,adam,0.001,[None; None],[],{0: 0.05; 1: 1.0},arrays/090_embed/nl_train_01_emb.npy,arrays/090_embed/nl_test_01_emb.npy,arrays/090_embed/4D_coord_4x16k.npy,arrays/encoded_dom_64_tanh_1.npy,man,[]
13,20170606,507,5,5,0.00524488654768,0.99636627246,0.119720977894,0.995842668535,0.0910670038573,n/a,n/a,0.862494155754,0.0428996615664,0.00301729865484,cd,[128],[128],[128],0,0,64,relu,adam,0.001,[None; None],[],{0: 0.05; 1: 1.0},arrays/090_embed/nl_train_01_emb.npy,arrays/090_embed/nl_test_01_emb.npy,arrays/090_embed/4D_coord_4x16k.npy,arrays/encoded_dom_64_tanh_1.npy,man,[]
14,20170606,20,1,5,0.00425020971565,0.989901342407,0.0966593025087,0.984016263677,0.0335146066737,n/a,n/a,0.854009068456,0.0356061442365,0.0153211129668,cd,[128],[128],[128],0,0,64,relu,adam,0.001,[None; None],[],{0: 0.02; 1: 1.0},arrays/090_embed/nl_train_01_emb.npy,arrays/090_embed/nl_test_01_emb.npy,arrays/090_embed/4D_coord_4x16k.npy,arrays/encoded_dom_64_tanh_1.npy,man,[]
14,20170606,127,2,5,0.00409675811098,0.989346257387,0.105486506684,0.988497006518,0.0432627115604,n/a,n/a,0.862063477845,0.0396909860885,0.0107429459169,cd,[128],[128],[128],0,0,64,relu,adam,0.001,[None; None],[],{0: 0.02; 1: 1.0},arrays/090_embed/nl_train_01_emb.npy,arrays/090_embed/nl_test_01_emb.npy,arrays/090_embed/4D_coord_4x16k.npy,arrays/encoded_dom_64_tanh_1.npy,man,[]
14,20170606,233,3,5,0.00403436053897,0.988989669044,0.106087036108,0.988760452677,0.0440417749189,n/a,n/a,0.85820466036,0.0412308812201,0.010472408755,cd,[128],[128],[128],0,0,64,relu,adam,0.001,[None; None],[],{0: 0.02; 1: 1.0},arrays/090_embed/nl_train_01_emb.npy,arrays/090_embed/nl_test_01_emb.npy,arrays/090_embed/4D_coord_4x16k.npy,arrays/encoded_dom_64_tanh_1.npy,man,[]
14,20170606,338,4,5,0.00402193908118,0.988981319132,0.114020547284,0.992798932773,0.0606328725038,n/a,n/a,0.864738168744,0.0430918006072,0.00627206881849,cd,[128],[128],[128],0,0,64,relu,adam,0.001,[None; None],[],{0: 0.02; 1: 1.0},arrays/090_embed/nl_train_01_emb.npy,arrays/090_embed/nl_test_01_emb.npy,arrays/090_embed/4D_coord_4x16k.npy,arrays/encoded_dom_64_tanh_1.npy,man,[]
14,20170606,444,5,5,0.00400524836179,0.9891491909,0.108965127028,0.987393661939,0.0424188775312,n/a,n/a,0.863467051003,0.0403237822027,0.0119287619387,cd,[128],[128],[128],0,0,64,relu,adam,0.001,[None; None],[],{0: 0.02; 1: 1.0},arrays/090_embed/nl_train_01_emb.npy,arrays/090_embed/nl_test_01_emb.npy,arrays/090_embed/4D_coord_4x16k.npy,arrays/encoded_dom_64_tanh_1.npy,man,[]
15,20170606,24,1,5,0.00342781607581,0.973038776529,0.087914118511,0.972261462529,0.0232342269647,n/a,n/a,0.848728238262,0.0311626090493,0.0273183955713,cd,[128],[128],[128],0,0,64,relu,adam,0.001,[None; None],[],{0: 0.01; 1: 1.0},arrays/090_embed/nl_train_01_emb.npy,arrays/090_embed/nl_test_01_emb.npy,arrays/090_embed/4D_coord_4x16k.npy,arrays/encoded_dom_64_tanh_1.npy,man,[]
15,20170606,134,2,5,0.00325385852119,0.970919603125,0.0869620000398,0.961837842954,0.0196679510656,n/a,n/a,0.858985405607,0.0332642798618,0.0379659983345,cd,[128],[128],[128],0,0,64,relu,adam,0.001,[None; None],[],{0: 0.01; 1: 1.0},arrays/090_embed/nl_train_01_emb.npy,arrays/090_embed/nl_test_01_emb.npy,arrays/090_embed/4D_coord_4x16k.npy,arrays/encoded_dom_64_tanh_1.npy,man,[]
15,20170606,244,3,5,0.00321741919495,0.971567864599,0.0942848775461,0.968129720334,0.023110686744,n/a,n/a,0.863521352023,0.0393681729831,0.0316432905088,cd,[128],[128],[128],0,0,64,relu,adam,0.001,[None; None],[],{0: 0.01; 1: 1.0},arrays/090_embed/nl_train_01_emb.npy,arrays/090_embed/nl_test_01_emb.npy,arrays/090_embed/4D_coord_4x16k.npy,arrays/encoded_dom_64_tanh_1.npy,man,[]
15,20170606,354,4,5,0.00317960203123,0.97071684157,0.0970108933042,0.972389717183,0.0254664905686,n/a,n/a,0.865023050811,0.0407147550658,0.0273117670254,cd,[128],[128],[128],0,0,64,relu,adam,0.001,[None; None],[],{0: 0.01; 1: 1.0},arrays/090_embed/nl_train_01_emb.npy,arrays/090_embed/nl_test_01_emb.npy,arrays/090_embed/4D_coord_4x16k.npy,arrays/encoded_dom_64_tanh_1.npy,man,[]
15,20170606,504,5,5,0.00318755057213,0.971186020983,0.0959172640948,0.971869222182,0.0249718211954,n/a,n/a,0.863742313052,0.0411057089117,0.0278311829611,cd,[128],[128],[128],0,0,64,relu,adam,0.001,[None; None],[],{0: 0.01; 1: 1.0},arrays/090_embed/nl_train_01_emb.npy,arrays/090_embed/nl_test_01_emb.npy,arrays/090_embed/4D_coord_4x16k.npy,arrays/encoded_dom_64_tanh_1.npy,man,[]
16,20170606,1343,1,5,0.00637839741178,0.997794912425,0.0981300035258,0.997986694813,0.180656934307,n/a,n/a,0.862704329374,0.041351096318,0.000506852529037,cd,[128],[128],[128],0,0,64,relu,adam,0.001,[None; None],[],{0: 0.09; 1: 1.0},arrays/090_embed/nl_train_01_emb.npy,arrays/090_embed/nl_test_01_emb.npy,arrays/090_embed/4D_coord_4x16k.npy,arrays/encoded_dom_64_tanh_1.npy,man,[]
16,20170606,1453,2,5,0.00618518568429,0.997739751622,0.106782189588,0.997856975712,0.169159824542,n/a,n/a,0.861505588634,0.0445175095723,0.000685283734134,cd,[128],[128],[128],0,0,64,relu,adam,0.001,[None; None],[],{0: 0.09; 1: 1.0},arrays/090_embed/nl_train_01_emb.npy,arrays/090_embed/nl_test_01_emb.npy,arrays/090_embed/4D_coord_4x16k.npy,arrays/encoded_dom_64_tanh_1.npy,man,[]
16,20170606,1602,3,5,0.00615845339411,0.99775225508,0.118463824845,0.997304802428,0.133037070372,n/a,n/a,0.863677283493,0.0454246506632,0.0013701820877,cd,[128],[128],[128],0,0,64,relu,adam,0.001,[None; None],[],{0: 0.09; 1: 1.0},arrays/090_embed/nl_train_01_emb.npy,arrays/090_embed/nl_test_01_emb.npy,arrays/090_embed/4D_coord_4x16k.npy,arrays/encoded_dom_64_tanh_1.npy,man,[]
16,20170606,1714,4,5,0.00611996424602,0.99767577845,0.116354723156,0.997624745379,0.153528587007,n/a,n/a,0.867182660099,0.0473706741918,0.000989503158117,cd,[128],[128],[128],0,0,64,relu,adam,0.001,[None; None],[],{0: 0.09; 1: 1.0},arrays/090_embed/nl_train_01_emb.npy,arrays/090_embed/nl_test_01_emb.npy,arrays/090_embed/4D_coord_4x16k.npy,arrays/encoded_dom_64_tanh_1.npy,man,[]
16,20170606,1833,5,5,0.00610086017753,0.997686012445,0.117318058819,0.997422343502,0.138989848352,n/a,n/a,0.862970374123,0.0471852437513,0.0012299806354,cd,[128],[128],[128],0,0,64,relu,adam,0.001,[None; None],[],{0: 0.09; 1: 1.0},arrays/090_embed/nl_train_01_emb.npy,arrays/090_embed/nl_test_01_emb.npy,arrays/090_embed/4D_coord_4x16k.npy,arrays/encoded_dom_64_tanh_1.npy,man,[]
17,20170606,1344,1,5,0.00617122600444,0.997659035806,0.107932937961,0.997899984184,0.177390039985,n/a,n/a,0.857229225259,0.0450275172507,0.000636109173075,cd,[128],[128],[128],0,0,64,relu,adam,0.001,[None; None],[],{0: 0.08; 1: 1.0},arrays/090_embed/nl_train_01_emb.npy,arrays/090_embed/nl_test_01_emb.npy,arrays/090_embed/4D_coord_4x16k.npy,arrays/encoded_dom_64_tanh_1.npy,man,[]
17,20170606,1453,2,5,0.00601568316475,0.997591380109,0.115082218244,0.996302350482,0.0963403675126,n/a,n/a,0.86154792055,0.0398647939688,0.00248732329145,cd,[128],[128],[128],0,0,64,relu,adam,0.001,[None; None],[],{0: 0.08; 1: 1.0},arrays/090_embed/nl_train_01_emb.npy,arrays/090_embed/nl_test_01_emb.npy,arrays/090_embed/4D_coord_4x16k.npy,arrays/encoded_dom_64_tanh_1.npy,man,[]
17,20170606,1603,3,5,0.00597305411833,0.997513507546,0.120453024322,0.997407005356,0.141054694678,n/a,n/a,0.862649095298,0.045681597607,0.00125842172165,cd,[128],[128],[128],0,0,64,relu,adam,0.001,[None; None],[],{0: 0.08; 1: 1.0},arrays/090_embed/nl_train_01_emb.npy,arrays/090_embed/nl_test_01_emb.npy,arrays/090_embed/4D_coord_4x16k.npy,arrays/encoded_dom_64_tanh_1.npy,man,[]
17,20170606,1714,4,5,0.00593652093657,0.99748056179,0.116484502314,0.997176162393,0.124668435013,n/a,n/a,0.863886356213,0.0414686894992,0.00151100014891,cd,[128],[128],[128],0,0,64,relu,adam,0.001,[None; None],[],{0: 0.08; 1: 1.0},arrays/090_embed/nl_train_01_emb.npy,arrays/090_embed/nl_test_01_emb.npy,arrays/090_embed/4D_coord_4x16k.npy,arrays/encoded_dom_64_tanh_1.npy,man,[]
17,20170606,1842,5,5,0.0059349499869,0.997537966365,0.124185828242,0.996525948291,0.108416209999,n/a,n/a,0.864852713226,0.0484488428359,0.00227852409723,cd,[128],[128],[128],0,0,64,relu,adam,0.001,[None; None],[],{0: 0.08; 1: 1.0},arrays/090_embed/nl_train_01_emb.npy,arrays/090_embed/nl_test_01_emb.npy,arrays/090_embed/4D_coord_4x16k.npy,arrays/encoded_dom_64_tanh_1.npy,man,[]
18,20170606,2341,1,5,0.00604519273688,0.997420579448,0.114595725148,0.997349660726,0.131888252318,0.101865790794,0.114949037373,0.861200094206,0.0431091870725,0.00130497569482,cd,[128],[128],[128],0,0,64,relu,adam,0.001,[None; None],[],{0: 0.07; 1: 1.0},arrays/090_embed/nl_train_01_emb.npy,arrays/090_embed/nl_test_01_emb.npy,arrays/090_embed/4D_coord_4x16k.npy,arrays/encoded_dom_64_tanh_1.npy,man,[]
18,20170607,106,2,5,0.00579599212758,0.997377451082,0.112305744954,0.997775043802,0.164833043814,0.0779161534602,0.105814205619,0.861723730514,0.0442009492655,0.000798662698583,cd,[128],[128],[128],0,0,64,relu,adam,0.001,[None; None],[],{0: 0.07; 1: 1.0},arrays/090_embed/nl_train_01_emb.npy,arrays/090_embed/nl_test_01_emb.npy,arrays/090_embed/4D_coord_4x16k.npy,arrays/encoded_dom_64_tanh_1.npy,man,[]
18,20170607,216,3,5,0.00575447465373,0.997281285788,0.11917076158,0.997352666695,0.136454066706,0.10638200812,0.11955602266,0.862186183043,0.0455236385342,0.00131723079703,cd,[128],[128],[128],0,0,64,relu,adam,0.001,[None; None],[],{0: 0.07; 1: 1.0},arrays/090_embed/nl_train_01_emb.npy,arrays/090_embed/nl_test_01_emb.npy,arrays/090_embed/4D_coord_4x16k.npy,arrays/encoded_dom_64_tanh_1.npy,man,[]
18,20170607,325,4,5,0.00573557067096,0.997228086144,0.118494069562,0.99687171174,0.114275086791,0.126134756626,0.11991239673,0.861622843455,0.0409945040946,0.00186493366675,cd,[128],[128],[128],0,0,64,relu,adam,0.001,[None; None],[],{0: 0.07; 1: 1.0},arrays/090_embed/nl_train_01_emb.npy,arrays/090_embed/nl_test_01_emb.npy,arrays/090_embed/4D_coord_4x16k.npy,arrays/encoded_dom_64_tanh_1.npy,man,[]
18,20170607,433,5,5,0.00571738777073,0.997308647808,0.1195950046,0.997720011457,0.166666666667,0.0873591533233,0.114632905331,0.865225307979,0.0468282237467,0.000885604555753,cd,[128],[128],[128],0,0,64,relu,adam,0.001,[None; None],[],{0: 0.07; 1: 1.0},arrays/090_embed/nl_train_01_emb.npy,arrays/090_embed/nl_test_01_emb.npy,arrays/090_embed/4D_coord_4x16k.npy,arrays/encoded_dom_64_tanh_1.npy,man,[]
19,20170606,2343,1,5,0.00576842687589,0.997126953723,0.107703045259,0.997192271301,0.117330519652,0.101455225583,0.108816909678,0.852426282497,0.0392824524931,0.00146097775059,cd,[128],[128],[128],0,0,64,relu,adam,0.001,[None; None],[],{0: 0.06; 1: 1.0},arrays/090_embed/nl_train_01_emb.npy,arrays/090_embed/nl_test_01_emb.npy,arrays/090_embed/4D_coord_4x16k.npy,arrays/encoded_dom_64_tanh_1.npy,man,[]
19,20170607,107,2,5,0.00557753320356,0.997042718098,0.112109503188,0.996728196015,0.104531093473,0.123762602071,0.113336814621,0.852455321644,0.0414713946163,0.00200043347607,cd,[128],[128],[128],0,0,64,relu,adam,0.001,[None; None],[],{0: 0.06; 1: 1.0},arrays/090_embed/nl_train_01_emb.npy,arrays/090_embed/nl_test_01_emb.npy,arrays/090_embed/4D_coord_4x16k.npy,arrays/encoded_dom_64_tanh_1.npy,man,[]
19,20170607,216,3,5,0.00551802608347,0.996973709287,0.121737736865,0.996215100321,0.0993367722918,0.153733862506,0.120689037711,0.863309949509,0.0454562326987,0.00261480718485,cd,[128],[128],[128],0,0,64,relu,adam,0.001,[None; None],[],{0: 0.06; 1: 1.0},arrays/090_embed/nl_train_01_emb.npy,arrays/090_embed/nl_test_01_emb.npy,arrays/090_embed/4D_coord_4x16k.npy,arrays/encoded_dom_64_tanh_1.npy,man,[]
19,20170607,326,4,5,0.00547991705469,0.996947409206,0.116840717324,0.997075578063,0.12055326607,0.116098718124,0.118284067671,0.857782878903,0.0452801448721,0.00162715385348,cd,[128],[128],[128],0,0,64,relu,adam,0.001,[None; None],[],{0: 0.06; 1: 1.0},arrays/090_embed/nl_train_01_emb.npy,arrays/090_embed/nl_test_01_emb.npy,arrays/090_embed/4D_coord_4x16k.npy,arrays/encoded_dom_64_tanh_1.npy,man,[]
19,20170607,435,5,5,0.00549982937077,0.996937980228,0.121474024382,0.99427486329,0.0740065740228,0.207472286848,0.109097451274,0.863075871506,0.0451648539723,0.00473663554128,cd,[128],[128],[128],0,0,64,relu,adam,0.001,[None; None],[],{0: 0.06; 1: 1.0},arrays/090_embed/nl_train_01_emb.npy,arrays/090_embed/nl_test_01_emb.npy,arrays/090_embed/4D_coord_4x16k.npy,arrays/encoded_dom_64_tanh_1.npy,man,[]
20,20170607,1205,1,10,0.00622010564104,0.997531166539,0.112711771264,0.997248845169,0.124693443784,0.10437480042,0.113632977403,0.864582931008,0.0413423194092,0.0014142696252,cd,[1024],[1024],[1024],0,0,64,relu,adam,0.001,[None; None],[],{0: 0.08; 1: 1.0},arrays/090_embed/nl_train_01_emb.npy,arrays/090_embed/nl_test_01_emb.npy,arrays/090_embed/4D_coord_4x16k.npy,arrays/encoded_dom_64_tanh_1.npy,man,[]
20,20170607,1359,2,10,0.00590126400246,0.997514372511,0.123082573884,0.996539205382,0.1079301167,0.144290862643,0.123489566049,0.864347025801,0.043585278,0.00225879261192,cd,[1024],[1024],[1024],0,0,64,relu,adam,0.001,[None; None],[],{0: 0.08; 1: 1.0},arrays/090_embed/nl_train_01_emb.npy,arrays/090_embed/nl_test_01_emb.npy,arrays/090_embed/4D_coord_4x16k.npy,arrays/encoded_dom_64_tanh_1.npy,man,[]
20,20170607,1555,3,10,0.00579091845478,0.997466859371,0.117539624712,0.996352835337,0.0992489270386,0.14346973222,0.11733104516,0.870195089133,0.0391381165134,0.00244238791669,cd,[1024],[1024],[1024],0,0,64,relu,adam,0.001,[None; None],[],{0: 0.08; 1: 1.0},arrays/090_embed/nl_train_01_emb.npy,arrays/090_embed/nl_test_01_emb.npy,arrays/090_embed/4D_coord_4x16k.npy,arrays/encoded_dom_64_tanh_1.npy,man,[]
20,20170607,1751,4,10,0.00574760286246,0.997417838964,0.117339487341,0.996020560208,0.0924803160407,0.153779480863,0.115500582471,0.871603855056,0.0385643533412,0.00280950145011,cd,[1024],[1024],[1024],0,0,64,relu,adam,0.001,[None; None],[],{0: 0.08; 1: 1.0},arrays/090_embed/nl_train_01_emb.npy,arrays/090_embed/nl_test_01_emb.npy,arrays/090_embed/4D_coord_4x16k.npy,arrays/encoded_dom_64_tanh_1.npy,man,[]
20,20170607,1945,5,10,0.00569051369454,0.997298910526,0.124879990101,0.995921671553,0.0958900537214,0.167738698052,0.122023661374,0.873717273269,0.0412614660249,0.00295556068711,cd,[1024],[1024],[1024],0,0,64,relu,adam,0.001,[None; None],[],{0: 0.08; 1: 1.0},arrays/090_embed/nl_train_01_emb.npy,arrays/090_embed/nl_test_01_emb.npy,arrays/090_embed/4D_coord_4x16k.npy,arrays/encoded_dom_64_tanh_1.npy,man,[]
20,20170607,2139,6,10,0.00564728843593,0.997235391247,0.12592998642,0.996728196015,0.115580524345,0.140778249167,0.12694103371,0.874312552259,0.0452017138176,0.00205793225749,cd,[1024],[1024],[1024],0,0,64,relu,adam,0.001,[None; None],[],{0: 0.08; 1: 1.0},arrays/090_embed/nl_train_01_emb.npy,arrays/090_embed/nl_test_01_emb.npy,arrays/090_embed/4D_coord_4x16k.npy,arrays/encoded_dom_64_tanh_1.npy,man,[]
20,20170607,2332,7,10,0.00564977419329,0.997357017349,0.122481087439,0.995449888656,0.0870184496918,0.178367775193,0.116971310617,0.874534945628,0.0400724853005,0.00346326105341,cd,[1024],[1024],[1024],0,0,64,relu,adam,0.001,[None; None],[],{0: 0.08; 1: 1.0},arrays/090_embed/nl_train_01_emb.npy,arrays/090_embed/nl_test_01_emb.npy,arrays/090_embed/4D_coord_4x16k.npy,arrays/encoded_dom_64_tanh_1.npy,man,[]
20,20170608,126,8,10,0.00565038460804,0.997329852302,0.130795878317,0.997162211616,0.136711700727,0.127868254185,0.13214218367,0.873280982488,0.0503733532521,0.00158029157586,cd,[1024],[1024],[1024],0,0,64,relu,adam,0.001,[None; None],[],{0: 0.08; 1: 1.0},arrays/090_embed/nl_train_01_emb.npy,arrays/090_embed/nl_test_01_emb.npy,arrays/090_embed/4D_coord_4x16k.npy,arrays/encoded_dom_64_tanh_1.npy,man,[]
20,20170608,320,9,10,0.00563554223441,0.9972643633,0.104272060799,0.997657425652,0.143194070081,0.0775512066055,0.100612552896,0.87378125604,0.0431893033527,0.000915047631497,cd,[1024],[1024],[1024],0,0,64,relu,adam,0.001,[None; None],[],{0: 0.08; 1: 1.0},arrays/090_embed/nl_train_01_emb.npy,arrays/090_embed/nl_test_01_emb.npy,arrays/090_embed/4D_coord_4x16k.npy,arrays/encoded_dom_64_tanh_1.npy,man,[]
20,20170608,514,10,10,0.00562348849395,0.997253110188,0.127898267317,0.997446468326,0.150918716911,0.110533278591,0.127606909627,0.872945731443,0.053517546477,0.0012374570185,cd,[1024],[1024],[1024],0,0,64,relu,adam,0.001,[None; None],[],{0: 0.08; 1: 1.0},arrays/090_embed/nl_train_01_emb.npy,arrays/090_embed/nl_test_01_emb.npy,arrays/090_embed/4D_coord_4x16k.npy,arrays/encoded_dom_64_tanh_1.npy,man,[]
21,20170607,1144,1,10,0.00637664264373,0.997680043328,0.111812713666,0.997166065422,0.119950852404,0.106883810045,0.113040961065,0.851455046842,0.0439817206053,0.00150552774478,cd,[1024],[1024],[1024],0,0,64,relu,sgd,0.01,[None; None],[],{0: 0.08; 1: 1.0},arrays/090_embed/nl_train_01_emb.npy,arrays/090_embed/nl_test_01_emb.npy,arrays/090_embed/4D_coord_4x16k.npy,arrays/encoded_dom_64_tanh_1.npy,man,[]
21,20170607,1316,2,10,0.00574579527661,0.997380234386,0.127234131516,0.996387057132,0.107172092438,0.155284886638,0.126818545908,0.870517893884,0.0517791658583,0.00244809154916,cd,[1024],[1024],[1024],0,0,64,relu,sgd,0.01,[None; None],[],{0: 0.08; 1: 1.0},arrays/090_embed/nl_train_01_emb.npy,arrays/090_embed/nl_test_01_emb.npy,arrays/090_embed/4D_coord_4x16k.npy,arrays/encoded_dom_64_tanh_1.npy,man,[]
21,20170607,1451,3,10,0.00544474366183,0.99717375605,0.136849804748,0.996264197806,0.111120876545,0.173030427444,0.135331370975,0.879380829551,0.0600106357204,0.00263091609278,cd,[1024],[1024],[1024],0,0,64,relu,sgd,0.01,[None; None],[],{0: 0.08; 1: 1.0},arrays/090_embed/nl_train_01_emb.npy,arrays/090_embed/nl_test_01_emb.npy,arrays/090_embed/4D_coord_4x16k.npy,arrays/encoded_dom_64_tanh_1.npy,man,[]
21,20170607,1627,4,10,0.00524848366182,0.997023637479,0.140610419938,0.996547837907,0.121265319642,0.167008804343,0.140507762277,0.88205858388,0.0617683861012,0.00232692789714,cd,[1024],[1024],[1024],0,0,64,relu,sgd,0.01,[None; None],[],{0: 0.08; 1: 1.0},arrays/090_embed/nl_train_01_emb.npy,arrays/090_embed/nl_test_01_emb.npy,arrays/090_embed/4D_coord_4x16k.npy,arrays/encoded_dom_64_tanh_1.npy,man,[]
21,20170607,1801,5,10,0.00509604136579,0.996913264489,0.140382723747,0.996078752674,0.109405352903,0.184982436933,0.13749258286,0.885298071304,0.0613795477972,0.00285674910831,cd,[1024],[1024],[1024],0,0,64,relu,sgd,0.01,[None; None],[],{0: 0.08; 1: 1.0},arrays/090_embed/nl_train_01_emb.npy,arrays/090_embed/nl_test_01_emb.npy,arrays/090_embed/4D_coord_4x16k.npy,arrays/encoded_dom_64_tanh_1.npy,man,[]
21,20170607,1934,6,10,0.00496108748552,0.996810419265,0.145511454321,0.996558551487,0.125169035918,0.173121664158,0.145290964778,0.885844892042,0.0626113258099,0.00233687071592,cd,[1024],[1024],[1024],0,0,64,relu,sgd,0.01,[None; None],[],{0: 0.08; 1: 1.0},arrays/090_embed/nl_train_01_emb.npy,arrays/090_embed/nl_test_01_emb.npy,arrays/090_embed/4D_coord_4x16k.npy,arrays/encoded_dom_64_tanh_1.npy,man,[]
21,20170607,2117,7,10,0.00484781945978,0.996720925337,0.144535902993,0.996478777708,0.122121867447,0.175174490215,0.143914550736,0.884435242503,0.0596802956706,0.00242358134474,cd,[1024],[1024],[1024],0,0,64,relu,sgd,0.01,[None; None],[],{0: 0.08; 1: 1.0},arrays/090_embed/nl_train_01_emb.npy,arrays/090_embed/nl_test_01_emb.npy,arrays/090_embed/4D_coord_4x16k.npy,arrays/encoded_dom_64_tanh_1.npy,man,[]
21,20170607,2300,8,10,0.00473600562128,0.996637203553,0.144336039566,0.996381199348,0.119304009247,0.178915195475,0.143151747422,0.884831123429,0.0601876891248,0.0025338001885,cd,[1024],[1024],[1024],0,0,64,relu,sgd,0.01,[None; None],[],{0: 0.08; 1: 1.0},arrays/090_embed/nl_train_01_emb.npy,arrays/090_embed/nl_test_01_emb.npy,arrays/090_embed/4D_coord_4x16k.npy,arrays/encoded_dom_64_tanh_1.npy,man,[]
21,20170608,43,9,10,0.00463374435386,0.996549636527,0.146412698137,0.996033123614,0.112460650577,0.195565895716,0.142802418347,0.886593479176,0.0610904293201,0.00293814148523,cd,[1024],[1024],[1024],0,0,64,relu,sgd,0.01,[None; None],[],{0: 0.08; 1: 1.0},arrays/090_embed/nl_train_01_emb.npy,arrays/090_embed/nl_test_01_emb.npy,arrays/090_embed/4D_coord_4x16k.npy,arrays/encoded_dom_64_tanh_1.npy,man,[]
21,20170608,226,10,10,0.00453592917673,0.996485723303,0.145420724235,0.995526194009,0.102441064471,0.212307832672,0.138199311082,0.885792908995,0.061608551073,0.00350164495844,cd,[1024],[1024],[1024],0,0,64,relu,sgd,0.01,[None; None],[],{0: 0.08; 1: 1.0},arrays/090_embed/nl_train_01_emb.npy,arrays/090_embed/nl_test_01_emb.npy,arrays/090_embed/4D_coord_4x16k.npy,arrays/encoded_dom_64_tanh_1.npy,man,[]
22,20170606,2203,1,5,0.130325665221,0.953021763166,0.105816693756,0.963429850099,0.0239744687476,0.519866794398,0.0458351767687,0.876980070613,0.0522220370378,0.0366372831965,cd,[1024],[1024],[1024],0,0,64,relu,adam,0.001,[None; None],[],{0: 1.0; 1: 1.0},arrays/090_embed/nl_train_res_01_emb.npy,arrays/090_embed/nl_test_01_emb.npy,arrays/090_embed/4D_coord_4x16k.npy,arrays/encoded_dom_64_tanh_1.npy,man,[]
22,20170607,313,2,5,0.0834149983281,0.972635489645,0.110699589202,0.968910038917,0.0270728671252,0.498061219835,0.0513542943018,0.876719763596,0.0574447399771,0.031083409613,cd,[1024],[1024],[1024],0,0,64,relu,adam,0.001,[None; None],[],{0: 1.0; 1: 1.0},arrays/090_embed/nl_train_res_01_emb.npy,arrays/090_embed/nl_test_01_emb.npy,arrays/090_embed/4D_coord_4x16k.npy,arrays/encoded_dom_64_tanh_1.npy,man,[]
22,20170607,824,3,5,0.0748527028364,0.975768819295,0.112126499744,0.972206969716,0.0289680917054,0.475069567994,0.0546064705574,0.87441355867,0.0602352611926,0.0277087860913,cd,[1024],[1024],[1024],0,0,64,relu,adam,0.001,[None; None],[],{0: 1.0; 1: 1.0},arrays/090_embed/nl_train_res_01_emb.npy,arrays/090_embed/nl_test_01_emb.npy,arrays/090_embed/4D_coord_4x16k.npy,arrays/encoded_dom_64_tanh_1.npy,man,[]
22,20170607,1335,4,5,0.0708835512037,0.977179147266,0.110953780809,0.971090907577,0.0281316390748,0.480224442316,0.0531497553809,0.875746955556,0.0593772141986,0.0288422674313,cd,[1024],[1024],[1024],0,0,64,relu,adam,0.001,[None; None],[],{0: 1.0; 1: 1.0},arrays/090_embed/nl_train_res_01_emb.npy,arrays/090_embed/nl_test_01_emb.npy,arrays/090_embed/4D_coord_4x16k.npy,arrays/encoded_dom_64_tanh_1.npy,man,[]
22,20170607,1846,5,5,0.0686250366972,0.97797477804,0.109597857001,0.971036183536,0.0277911963852,0.475023949637,0.0525102872358,0.873364704189,0.057159395005,0.0288794181185,cd,[1024],[1024],[1024],0,0,64,relu,adam,0.001,[None; None],[],{0: 1.0; 1: 1.0},arrays/090_embed/nl_train_res_01_emb.npy,arrays/090_embed/nl_test_01_emb.npy,arrays/090_embed/4D_coord_4x16k.npy,arrays/encoded_dom_64_tanh_1.npy,man,[]
23,20170608,1257,1,5,0.305741451709,0.867311091821,0.0735313047855,0.847895066728,0.00879207952691,0.79672460198,0.0173922309059,0.896083372458,0.0583355513924,0.153107616446,cd,[128],[128],[128],0,0,64,relu,adam,0.001,[None; None],[],{0: 1.0; 1: 1.0},arrays/090_embed/nl_train_res_01_emb.npy,arrays/090_embed/nl_test_01_emb.npy,arrays/090_embed/4D_coord_4x16k.npy,arrays/encoded_dom_64_tanh_1.npy,man,[]
23,20170608,1522,2,5,0.291428557614,0.87477753251,0.0775007125882,0.868420667251,0.00983406863429,0.771178322157,0.0194204871492,0.895124785593,0.0510314259915,0.132495690674,cd,[128],[128],[128],0,0,64,relu,adam,0.001,[None; None],[],{0: 1.0; 1: 1.0},arrays/090_embed/nl_train_res_01_emb.npy,arrays/090_embed/nl_test_01_emb.npy,arrays/090_embed/4D_coord_4x16k.npy,arrays/encoded_dom_64_tanh_1.npy,man,[]
23,20170608,1800,3,5,0.288031107151,0.876497270066,0.0772856235517,0.867134729356,0.00976609083294,0.773322384928,0.0192885909782,0.895972813254,0.0545334709689,0.133788873724,cd,[128],[128],[128],0,0,64,relu,adam,0.001,[None; None],[],{0: 1.0; 1: 1.0},arrays/090_embed/nl_train_res_01_emb.npy,arrays/090_embed/nl_test_01_emb.npy,arrays/090_embed/4D_coord_4x16k.npy,arrays/encoded_dom_64_tanh_1.npy,man,[]
23,20170608,2025,4,5,0.286157049011,0.87748525241,0.0795315375922,0.878149831034,0.0104228427008,0.757036631541,0.0205625808114,0.895428513359,0.051234294717,0.122718739701,cd,[128],[128],[128],0,0,64,relu,adam,0.001,[None; None],[],{0: 1.0; 1: 1.0},arrays/090_embed/nl_train_res_01_emb.npy,arrays/090_embed/nl_test_01_emb.npy,arrays/090_embed/4D_coord_4x16k.npy,arrays/encoded_dom_64_tanh_1.npy,man,[]
23,20170608,2240,5,5,0.284917193868,0.878103513977,0.0784523997518,0.872228766841,0.0100740186997,0.767209525113,0.0198869078448,0.895617882923,0.0562745518256,0.128674179841,cd,[128],[128],[128],0,0,64,relu,adam,0.001,[None; None],[],{0: 1.0; 1: 1.0},arrays/090_embed/nl_train_res_01_emb.npy,arrays/090_embed/nl_test_01_emb.npy,arrays/090_embed/4D_coord_4x16k.npy,arrays/encoded_dom_64_tanh_1.npy,man,[]
24,20170608,2358,1,5,0.00695507187926,0.998058649747,0.0628046009689,0.99781913134,0.105080545229,0.0386843665891,0.0565502984229,0.809463000018,0.0237931253987,0.000622004244119,cd,[128],[128],[128],0,0,64,relu,sgd,0.01,[None; None],[],{0: 0.08; 1: 1.0},arrays/090_embed/nl_train_01_emb.npy,arrays/090_embed/nl_test_01_emb.npy,arrays/090_embed/4D_coord_4x16k.npy,arrays/encoded_dom_64_tanh_1.npy,man,[]
24,20170609,103,2,5,0.00644848357679,0.997881588794,0.0809611915969,0.997825836962,0.131347484461,0.051092559646,0.0735680504467,0.824972577228,0.0318111196037,0.000657228028452,cd,[128],[128],[128],0,0,64,relu,sgd,0.01,[None; None],[],{0: 0.08; 1: 1.0},arrays/090_embed/nl_train_01_emb.npy,arrays/090_embed/nl_test_01_emb.npy,arrays/090_embed/4D_coord_4x16k.npy,arrays/encoded_dom_64_tanh_1.npy,man,[]
24,20170609,208,3,5,0.00624658967829,0.997759714335,0.0950594155901,0.997568942272,0.125680933852,0.0736736462753,0.0928935032067,0.83694924387,0.0368909072023,0.000990428071491,cd,[128],[128],[128],0,0,64,relu,sgd,0.01,[None; None],[],{0: 0.08; 1: 1.0},arrays/090_embed/nl_train_01_emb.npy,arrays/090_embed/nl_test_01_emb.npy,arrays/090_embed/4D_coord_4x16k.npy,arrays/encoded_dom_64_tanh_1.npy,man,[]
24,20170609,314,4,5,0.00606730573232,0.997651508039,0.104704940122,0.997344265398,0.121915907583,0.0921946991469,0.104992467141,0.848446329251,0.041507392047,0.00127769075028,cd,[128],[128],[128],0,0,64,relu,sgd,0.01,[None; None],[],{0: 0.08; 1: 1.0},arrays/090_embed/nl_train_01_emb.npy,arrays/090_embed/nl_test_01_emb.npy,arrays/090_embed/4D_coord_4x16k.npy,arrays/encoded_dom_64_tanh_1.npy,man,[]
24,20170609,421,5,5,0.00591050608593,0.997563863938,0.115374632436,0.997185565679,0.124098495776,0.109894621596,0.116565456173,0.854796003742,0.046193637309,0.00149620153492,cd,[128],[128],[128],0,0,64,relu,sgd,0.01,[None; None],[],{0: 0.08; 1: 1.0},arrays/090_embed/nl_train_01_emb.npy,arrays/090_embed/nl_test_01_emb.npy,arrays/090_embed/4D_coord_4x16k.npy,arrays/encoded_dom_64_tanh_1.npy,man,[]
25,20170609,1154,1,10,0.00624513517268,0.997585051304,0.0975717082657,0.997573489763,0.12881434894,0.0756808539756,0.0953448275862,0.852555545762,0.0363458749464,0.000992663278812,cd,[1024],[1024],[1024],0,0,64,relu,adam,0.001,[2; 'pow2'],[],{0: 0.08; 1: 1.0},arrays/090_embed/nl_train_01_emb.npy,arrays/090_embed/nl_test_01_emb.npy,arrays/090_embed/4D_coord_4x16k.npy,arrays/encoded_dom_64_tanh_1.npy,man,[]
25,20170609,1348,2,10,0.00593200943634,0.997545793872,0.112645192895,0.996866547641,0.109224414869,0.119428858173,0.114098932229,0.870590376211,0.0412787970142,0.00184743738876,cd,[1024],[1024],[1024],0,0,64,relu,adam,0.001,[2; 'pow2'],[],{0: 0.08; 1: 1.0},arrays/090_embed/nl_train_01_emb.npy,arrays/090_embed/nl_test_01_emb.npy,arrays/090_embed/4D_coord_4x16k.npy,arrays/encoded_dom_64_tanh_1.npy,man,[]
25,20170609,1542,3,10,0.00576497143574,0.99749131819,0.129186902195,0.996231748761,0.104988721915,0.163496190867,0.127867565735,0.872746019445,0.0483386691417,0.00263114732113,cd,[1024],[1024],[1024],0,0,64,relu,adam,0.001,[2; 'pow2'],[],{0: 0.08; 1: 1.0},arrays/090_embed/nl_train_01_emb.npy,arrays/090_embed/nl_test_01_emb.npy,arrays/090_embed/4D_coord_4x16k.npy,arrays/encoded_dom_64_tanh_1.npy,man,[]
25,20170609,1736,4,10,0.00581210613663,0.997436594151,0.126571659722,0.996665764362,0.114168957037,0.144017152502,0.127367720332,0.871466181762,0.047343781396,0.00213130871851,cd,[1024],[1024],[1024],0,0,64,relu,adam,0.001,[2; 'pow2'],[],{0: 0.08; 1: 1.0},arrays/090_embed/nl_train_01_emb.npy,arrays/090_embed/nl_test_01_emb.npy,arrays/090_embed/4D_coord_4x16k.npy,arrays/encoded_dom_64_tanh_1.npy,man,[]
25,20170609,1929,5,10,0.00567624240625,0.997319781024,0.131730978791,0.995689132915,0.0964664562519,0.185438620501,0.126912269747,0.874482593713,0.0471898422669,0.00324791038946,cd,[1024],[1024],[1024],0,0,64,relu,adam,0.001,[2; 'pow2'],[],{0: 0.08; 1: 1.0},arrays/090_embed/nl_train_01_emb.npy,arrays/090_embed/nl_test_01_emb.npy,arrays/090_embed/4D_coord_4x16k.npy,arrays/encoded_dom_64_tanh_1.npy,man,[]
25,20170609,2123,6,10,0.00574908366264,0.997350183267,0.13080551315,0.99563726069,0.0950446032413,0.185666712285,0.125727877917,0.874962431431,0.047481263965,0.00330055337567,cd,[1024],[1024],[1024],0,0,64,relu,adam,0.001,[2; 'pow2'],[],{0: 0.08; 1: 1.0},arrays/090_embed/nl_train_01_emb.npy,arrays/090_embed/nl_test_01_emb.npy,arrays/090_embed/4D_coord_4x16k.npy,arrays/encoded_dom_64_tanh_1.npy,man,[]
25,20170609,2317,7,10,0.00563218707981,0.997348153596,0.131114782956,0.996621908053,0.116353192533,0.151544181379,0.131637343478,0.878277945824,0.048597533887,0.00220060014546,cd,[1024],[1024],[1024],0,0,64,relu,adam,0.001,[2; 'pow2'],[],{0: 0.08; 1: 1.0},arrays/090_embed/nl_train_01_emb.npy,arrays/090_embed/nl_test_01_emb.npy,arrays/090_embed/4D_coord_4x16k.npy,arrays/encoded_dom_64_tanh_1.npy,man,[]
25,20170610,111,8,10,0.00570104285385,0.997320311992,0.129129689634,0.995649515792,0.0941621799544,0.182701519091,0.124274676513,0.872823405148,0.0475025816678,0.00327827837858,cd,[1024],[1024],[1024],0,0,64,relu,adam,0.001,[2; 'pow2'],[],{0: 0.08; 1: 1.0},arrays/090_embed/nl_train_01_emb.npy,arrays/090_embed/nl_test_01_emb.npy,arrays/090_embed/4D_coord_4x16k.npy,arrays/encoded_dom_64_tanh_1.npy,man,[]
25,20170610,304,9,10,0.0055959706506,0.997245179913,0.132818697361,0.996918651094,0.127736774832,0.141325669449,0.134188071209,0.881005805883,0.0519597061343,0.00186932700528,cd,[1024],[1024],[1024],0,0,64,relu,adam,0.001,[2; 'pow2'],[],{0: 0.08; 1: 1.0},arrays/090_embed/nl_train_01_emb.npy,arrays/090_embed/nl_test_01_emb.npy,arrays/090_embed/4D_coord_4x16k.npy,arrays/encoded_dom_64_tanh_1.npy,man,[]
25,20170610,458,10,10,0.00571026161229,0.99731283561,0.125773764602,0.99703457357,0.126562288499,0.127959490899,0.127257054714,0.87223427943,0.0479698446073,0.00170823792595,cd,[1024],[1024],[1024],0,0,64,relu,adam,0.001,[2; 'pow2'],[],{0: 0.08; 1: 1.0},arrays/090_embed/nl_train_01_emb.npy,arrays/090_embed/nl_test_01_emb.npy,arrays/090_embed/4D_coord_4x16k.npy,arrays/encoded_dom_64_tanh_1.npy,man,[]
26,20170609,1129,1,10,0.00637771553541,0.997686885974,0.10956061295,0.997474986489,0.134681496461,0.0911454769399,0.108716944172,0.851644587058,0.0435602965758,0.0011434241588,cd,[1024],[1024],[1024],0,0,64,relu,sgd,0.01,[2; 'pow2'],[],{0: 0.08; 1: 1.0},arrays/090_embed/nl_train_01_emb.npy,arrays/090_embed/nl_test_01_emb.npy,arrays/090_embed/4D_coord_4x16k.npy,arrays/encoded_dom_64_tanh_1.npy,man,[]
26,20170609,1259,2,10,0.0057574424327,0.997393303069,0.126479610244,0.996776522739,0.117567931127,0.139546553533,0.127617855653,0.871314330753,0.0533883341782,0.00200544342351,cd,[1024],[1024],[1024],0,0,64,relu,sgd,0.01,[2; 'pow2'],[],{0: 0.08; 1: 1.0},arrays/090_embed/nl_train_01_emb.npy,arrays/090_embed/nl_test_01_emb.npy,arrays/090_embed/4D_coord_4x16k.npy,arrays/encoded_dom_64_tanh_1.npy,man,[]
26,20170609,1430,3,10,0.00540777290722,0.997208603016,0.130134390144,0.9970573881,0.131243478655,0.1319739063,0.13160767901,0.877369828286,0.0564563108836,0.00169898879221,cd,[1024],[1024],[1024],0,0,64,relu,sgd,0.01,[2; 'pow2'],[],{0: 0.08; 1: 1.0},arrays/090_embed/nl_train_01_emb.npy,arrays/090_embed/nl_test_01_emb.npy,arrays/090_embed/4D_coord_4x16k.npy,arrays/encoded_dom_64_tanh_1.npy,man,[]
26,20170609,1601,4,10,0.00532077999097,0.99706376844,0.134940848556,0.996651736509,0.120163795538,0.155284886638,0.135485283289,0.879740156375,0.0599150001483,0.00218341217192,cd,[1024],[1024],[1024],0,0,64,relu,sgd,0.01,[2; 'pow2'],[],{0: 0.08; 1: 1.0},arrays/090_embed/nl_train_01_emb.npy,arrays/090_embed/nl_test_01_emb.npy,arrays/090_embed/4D_coord_4x16k.npy,arrays/encoded_dom_64_tanh_1.npy,man,[]
26,20170609,1730,5,10,0.00507879962758,0.996976672436,0.140867381719,0.996511920438,0.120412545549,0.168833538616,0.140570104639,0.884595697576,0.0640329978506,0.00236901145567,cd,[1024],[1024],[1024],0,0,64,relu,sgd,0.01,[2; 'pow2'],[],{0: 0.08; 1: 1.0},arrays/090_embed/nl_train_01_emb.npy,arrays/090_embed/nl_test_01_emb.npy,arrays/090_embed/4D_coord_4x16k.npy,arrays/encoded_dom_64_tanh_1.npy,man,[]
26,20170609,1902,6,10,0.00506687956058,0.996860784221,0.143107697669,0.995678111031,0.103529138612,0.203412253091,0.137218999554,0.886213345441,0.0662249695405,0.00331966825207,cd,[1024],[1024],[1024],0,0,64,relu,sgd,0.01,[2; 'pow2'],[],{0: 0.08; 1: 1.0},arrays/090_embed/nl_train_01_emb.npy,arrays/090_embed/nl_test_01_emb.npy,arrays/090_embed/4D_coord_4x16k.npy,arrays/encoded_dom_64_tanh_1.npy,man,[]
26,20170609,2034,7,10,0.00484347037576,0.99680400482,0.142656348164,0.996163073943,0.112797420503,0.185119292003,0.140179974783,0.886303726748,0.0658652045343,0.00277289029572,cd,[1024],[1024],[1024],0,0,64,relu,sgd,0.01,[2; 'pow2'],[],{0: 0.08; 1: 1.0},arrays/090_embed/nl_train_01_emb.npy,arrays/090_embed/nl_test_01_emb.npy,arrays/090_embed/4D_coord_4x16k.npy,arrays/encoded_dom_64_tanh_1.npy,man,[]
26,20170609,2207,8,10,0.00486353551999,0.99668712318,0.143364363267,0.996331639406,0.117334923237,0.17955385247,0.14192478275,0.885289470928,0.0664986348038,0.00258551826134,cd,[1024],[1024],[1024],0,0,64,relu,sgd,0.01,[2; 'pow2'],[],{0: 0.08; 1: 1.0},arrays/090_embed/nl_train_01_emb.npy,arrays/090_embed/nl_test_01_emb.npy,arrays/090_embed/4D_coord_4x16k.npy,arrays/encoded_dom_64_tanh_1.npy,man,[]
26,20170609,2339,9,10,0.0046401747512,0.996668342301,0.14637804201,0.995224518097,0.0984816575406,0.22398613202,0.136810721948,0.886926371938,0.0700892840602,0.00384278384127,cd,[1024],[1024],[1024],0,0,64,relu,sgd,0.01,[2; 'pow2'],[],{0: 0.08; 1: 1.0},arrays/090_embed/nl_train_01_emb.npy,arrays/090_embed/nl_test_01_emb.npy,arrays/090_embed/4D_coord_4x16k.npy,arrays/encoded_dom_64_tanh_1.npy,man,[]
26,20170610,111,10,10,0.00469103863671,0.996548514641,0.14666485897,0.996294103338,0.118681126465,0.185712330642,0.144816178432,0.884370454225,0.0698895615546,0.00264386488002,cd,[1024],[1024],[1024],0,0,64,relu,sgd,0.01,[2; 'pow2'],[],{0: 0.08; 1: 1.0},arrays/090_embed/nl_train_01_emb.npy,arrays/090_embed/nl_test_01_emb.npy,arrays/090_embed/4D_coord_4x16k.npy,arrays/encoded_dom_64_tanh_1.npy,man,[]
27,20170610,1023,1,10,0.00589698684395,0.997205615237,0.136147891834,0.99731798265,0.150078817198,0.125946537725,0.136957761849,0.871075080659,0.0607449950436,0.0014179691694,cd,[1024],[1024],[1024],0,0,64,relu,sgd,0.01,[None; None],[],{0: 0.08; 1: 1.0},arrays/080_embed/nl_train_02_emb.npy,arrays/080_embed/nl_val_01_emb.npy,arrays/080_embed/4D_coord_4x16k.npy,arrays/encoded_dom_64_tanh_1.npy,man,[]
27,20170610,1144,2,10,0.00547710445901,0.997090714025,0.143338614798,0.997053534522,0.142066906664,0.147614268771,0.144787472036,0.88131924681,0.0665330743017,0.00175563960106,cd,[1024],[1024],[1024],0,0,64,relu,sgd,0.01,[None; None],[],{0: 0.08; 1: 1.0},arrays/080_embed/nl_train_02_emb.npy,arrays/080_embed/nl_val_01_emb.npy,arrays/080_embed/4D_coord_4x16k.npy,arrays/encoded_dom_64_tanh_1.npy,man,[]
27,20170610,1304,3,10,0.00526286676619,0.996979454659,0.144855098616,0.997279290444,0.155391828533,0.137578688076,0.14594372263,0.885506181015,0.0689793903967,0.00149597019128,cd,[1024],[1024],[1024],0,0,64,relu,sgd,0.01,[None; None],[],{0: 0.08; 1: 1.0},arrays/080_embed/nl_train_02_emb.npy,arrays/080_embed/nl_val_01_emb.npy,arrays/080_embed/4D_coord_4x16k.npy,arrays/encoded_dom_64_tanh_1.npy,man,[]
27,20170610,1424,4,10,0.0050966155998,0.996882059359,0.15131455944,0.997067022841,0.149188813014,0.156463826293,0.152739741278,0.886225312839,0.0714986049507,0.00177205681218,cd,[1024],[1024],[1024],0,0,64,relu,sgd,0.01,[None; None],[],{0: 0.08; 1: 1.0},arrays/080_embed/nl_train_02_emb.npy,arrays/080_embed/nl_val_01_emb.npy,arrays/080_embed/4D_coord_4x16k.npy,arrays/encoded_dom_64_tanh_1.npy,man,[]
27,20170610,1545,5,10,0.00495738226075,0.996791581639,0.151898225691,0.996484558688,0.127547169811,0.185019614999,0.150999590484,0.889614006306,0.0728825072953,0.0024510202526,cd,[1024],[1024],[1024],0,0,64,relu,sgd,0.01,[None; None],[],{0: 0.08; 1: 1.0},arrays/080_embed/nl_train_02_emb.npy,arrays/080_embed/nl_val_01_emb.npy,arrays/080_embed/4D_coord_4x16k.npy,arrays/encoded_dom_64_tanh_1.npy,man,[]
27,20170610,1707,6,10,0.00482742123845,0.996702038468,0.154749999182,0.995702698643,0.111251551225,0.22082839157,0.147961366832,0.891878921244,0.0770109189442,0.00335388978841,cd,[1024],[1024],[1024],0,0,64,relu,sgd,0.01,[None; None],[],{0: 0.08; 1: 1.0},arrays/080_embed/nl_train_02_emb.npy,arrays/080_embed/nl_val_01_emb.npy,arrays/080_embed/4D_coord_4x16k.npy,arrays/encoded_dom_64_tanh_1.npy,man,[]
27,20170610,1828,7,10,0.00471752820118,0.996634693216,0.155110835777,0.996566798896,0.132358199252,0.185749475413,0.154573234384,0.891244973144,0.0752405086822,0.00237124648022,cd,[1024],[1024],[1024],0,0,64,relu,sgd,0.01,[None; None],[],{0: 0.08; 1: 1.0},arrays/080_embed/nl_train_02_emb.npy,arrays/080_embed/nl_val_01_emb.npy,arrays/080_embed/4D_coord_4x16k.npy,arrays/encoded_dom_64_tanh_1.npy,man,[]
27,20170610,1949,8,10,0.00461165993662,0.996550844042,0.154389861309,0.996410565624,0.127155563623,0.191725207554,0.152903084983,0.890069919745,0.076235354168,0.00254767369274,cd,[1024],[1024],[1024],0,0,64,relu,sgd,0.01,[None; None],[],{0: 0.08; 1: 1.0},arrays/080_embed/nl_train_02_emb.npy,arrays/080_embed/nl_val_01_emb.npy,arrays/080_embed/4D_coord_4x16k.npy,arrays/encoded_dom_64_tanh_1.npy,man,[]
27,20170610,2109,9,10,0.00450843827441,0.996473758296,0.157692372984,0.996063723135,0.120547802541,0.211203357358,0.153489143047,0.889672466055,0.0796559126591,0.00296033917804,cd,[1024],[1024],[1024],0,0,64,relu,sgd,0.01,[None; None],[],{0: 0.08; 1: 1.0},arrays/080_embed/nl_train_02_emb.npy,arrays/080_embed/nl_val_01_emb.npy,arrays/080_embed/4D_coord_4x16k.npy,arrays/encoded_dom_64_tanh_1.npy,man,[]
27,20170610,2231,10,10,0.00441344776935,0.996421163485,0.157960329801,0.9964506452,0.130799363447,0.194963963142,0.156562511447,0.888451412143,0.077421584445,0.0025185389237,cd,[1024],[1024],[1024],0,0,64,relu,sgd,0.01,[None; None],[],{0: 0.08; 1: 1.0},arrays/080_embed/nl_train_02_emb.npy,arrays/080_embed/nl_val_01_emb.npy,arrays/080_embed/4D_coord_4x16k.npy,arrays/encoded_dom_64_tanh_1.npy,man,[]
28,20170611,42,1,10,0.00590396404708,0.997208110577,0.136650933915,0.997271814061,0.147756980027,0.128911595657,0.137692457611,0.871795669974,0.0610692468752,0.00147415765255,cd,[1024],[1024],[1024],0,0,64,relu,sgd,0.01,[3; 'pow2'],[],{0: 0.08; 1: 1.0},arrays/080_embed/nl_train_02_emb.npy,arrays/080_embed/nl_val_01_emb.npy,arrays/080_embed/4D_coord_4x16k.npy,arrays/encoded_dom_64_tanh_1.npy,man,[]
28,20170611,202,2,10,0.00549098161545,0.997080723034,0.141209420093,0.997184178526,0.146821368141,0.13853662987,0.14255873448,0.877968880778,0.0642486424743,0.00159431930582,cd,[1024],[1024],[1024],0,0,64,relu,sgd,0.01,[3; 'pow2'],[],{0: 0.08; 1: 1.0},arrays/080_embed/nl_train_02_emb.npy,arrays/080_embed/nl_val_01_emb.npy,arrays/080_embed/4D_coord_4x16k.npy,arrays/encoded_dom_64_tanh_1.npy,man,[]
28,20170611,322,3,10,0.00527930433599,0.996977633736,0.144361996972,0.99619613989,0.114725546379,0.186296870723,0.142002781641,0.883601551436,0.0681841827372,0.00274375531295,cd,[1024],[1024],[1024],0,0,64,relu,sgd,0.01,[3; 'pow2'],[],{0: 0.08; 1: 1.0},arrays/080_embed/nl_train_02_emb.npy,arrays/080_embed/nl_val_01_emb.npy,arrays/080_embed/4D_coord_4x16k.npy,arrays/encoded_dom_64_tanh_1.npy,man,[]
28,20170611,445,4,10,0.00507325808031,0.996915298432,0.148366765224,0.996633315578,0.129613237097,0.173661162303,0.14843841385,0.885855193389,0.0691232762255,0.00226387946098,cd,[1024],[1024],[1024],0,0,64,relu,sgd,0.01,[3; 'pow2'],[],{0: 0.08; 1: 1.0},arrays/080_embed/nl_train_02_emb.npy,arrays/080_embed/nl_val_01_emb.npy,arrays/080_embed/4D_coord_4x16k.npy,arrays/encoded_dom_64_tanh_1.npy,man,[]
28,20170611,607,5,10,0.00503337385673,0.996806235735,0.149436481915,0.996786388729,0.135740604274,0.168050360369,0.150177326648,0.884816905926,0.06936589849,0.00209184558665,cd,[1024],[1024],[1024],0,0,64,relu,sgd,0.01,[3; 'pow2'],[],{0: 0.08; 1: 1.0},arrays/080_embed/nl_train_02_emb.npy,arrays/080_embed/nl_val_01_emb.npy,arrays/080_embed/4D_coord_4x16k.npy,arrays/encoded_dom_64_tanh_1.npy,man,[]
28,20170611,729,6,10,0.00489999484025,0.996744276176,0.151518786231,0.995976935437,0.114618870615,0.205364474044,0.147124183007,0.887827073182,0.0723911233598,0.0030273953925,cd,[1024],[1024],[1024],0,0,64,relu,sgd,0.01,[3; 'pow2'],[],{0: 0.08; 1: 1.0},arrays/080_embed/nl_train_02_emb.npy,arrays/080_embed/nl_val_01_emb.npy,arrays/080_embed/4D_coord_4x16k.npy,arrays/encoded_dom_64_tanh_1.npy,man,[]
28,20170611,852,7,10,0.00470557736379,0.996697972703,0.154223123938,0.996403089241,0.12682853265,0.191816440106,0.152695317465,0.889192794134,0.0744168162452,0.00255545837971,cd,[1024],[1024],[1024],0,0,64,relu,sgd,0.01,[3; 'pow2'],[],{0: 0.08; 1: 1.0},arrays/080_embed/nl_train_02_emb.npy,arrays/080_embed/nl_val_01_emb.npy,arrays/080_embed/4D_coord_4x16k.npy,arrays/encoded_dom_64_tanh_1.npy,man,[]
28,20170611,1014,8,10,0.00471147442148,0.996586019652,0.149308675973,0.996730971007,0.13363132487,0.170468022991,0.149818590013,0.887062096535,0.0711123383738,0.00215543337622,cd,[1024],[1024],[1024],0,0,64,relu,sgd,0.01,[3; 'pow2'],[],{0: 0.08; 1: 1.0},arrays/080_embed/nl_train_02_emb.npy,arrays/080_embed/nl_val_01_emb.npy,arrays/080_embed/4D_coord_4x16k.npy,arrays/encoded_dom_64_tanh_1.npy,man,[]
28,20170611,1136,9,10,0.00460601030155,0.996539427143,0.153110924513,0.99642174166,0.126581121034,0.18944439376,0.151760428276,0.88408108915,0.0733223696594,0.00252879004614,cd,[1024],[1024],[1024],0,0,64,relu,sgd,0.01,[3; 'pow2'],[],{0: 0.08; 1: 1.0},arrays/080_embed/nl_train_02_emb.npy,arrays/080_embed/nl_val_01_emb.npy,arrays/080_embed/4D_coord_4x16k.npy,arrays/encoded_dom_64_tanh_1.npy,man,[]
28,20170611,1259,10,10,0.00440000260408,0.996519608948,0.153798345055,0.996208163763,0.121404775125,0.199479974455,0.150944047496,0.888312144257,0.075560335863,0.00277628143077,cd,[1024],[1024],[1024],0,0,64,relu,sgd,0.01,[3; 'pow2'],[],{0: 0.08; 1: 1.0},arrays/080_embed/nl_train_02_emb.npy,arrays/080_embed/nl_val_01_emb.npy,arrays/080_embed/4D_coord_4x16k.npy,arrays/encoded_dom_64_tanh_1.npy,man,[]
29,20170611,234,1,5,0.00582442720256,0.997195980724,0.137994044129,0.997431207454,0.159359694182,0.121704224067,0.138009517898,0.876040165052,0.0642825747383,0.00129040820972,cd,[1024; 1024],[1024; 1024],[1024; 1024],0,0,64,relu,sgd,0.01,[None; None],[],{0: 0.08; 1: 1.0},arrays/080_embed/nl_train_02_emb.npy,arrays/080_embed/nl_val_01_emb.npy,arrays/080_embed/4D_coord_4x16k.npy,arrays/encoded_dom_64_tanh_1.npy,man,[]
29,20170611,540,2,5,0.00529719032585,0.99708060742,0.14806620168,0.996712549817,0.132055378062,0.169692546301,0.148526710852,0.88453241484,0.0707274071062,0.00217123397848,cd,[1024; 1024],[1024; 1024],[1024; 1024],0,0,64,relu,sgd,0.01,[None; None],[],{0: 0.08; 1: 1.0},arrays/080_embed/nl_train_02_emb.npy,arrays/080_embed/nl_val_01_emb.npy,arrays/080_embed/4D_coord_4x16k.npy,arrays/encoded_dom_64_tanh_1.npy,man,[]
29,20170611,845,3,5,0.00500585278924,0.996956640131,0.152694069394,0.99688936241,0.142269481527,0.167229267403,0.153742923045,0.885947235249,0.0743133242248,0.00198609716569,cd,[1024; 1024],[1024; 1024],[1024; 1024],0,0,64,relu,sgd,0.01,[None; None],[],{0: 0.08; 1: 1.0},arrays/080_embed/nl_train_02_emb.npy,arrays/080_embed/nl_val_01_emb.npy,arrays/080_embed/4D_coord_4x16k.npy,arrays/encoded_dom_64_tanh_1.npy,man,[]
29,20170611,1151,4,5,0.00475956222554,0.996810754322,0.154530189845,0.996300809245,0.124257796737,0.19665176535,0.152289105553,0.886505188802,0.075378557454,0.0026740785108,cd,[1024; 1024],[1024; 1024],[1024; 1024],0,0,64,relu,sgd,0.01,[None; None],[],{0: 0.08; 1: 1.0},arrays/080_embed/nl_train_02_emb.npy,arrays/080_embed/nl_val_01_emb.npy,arrays/080_embed/4D_coord_4x16k.npy,arrays/encoded_dom_64_tanh_1.npy,man,[]
29,20170611,1457,5,5,0.00454399129858,0.996672152206,0.151948372543,0.995247101765,0.102084543143,0.232551774473,0.14188502804,0.886230750119,0.0772182664226,0.00384910378599,cd,[1024; 1024],[1024; 1024],[1024; 1024],0,0,64,relu,sgd,0.01,[None; None],[],{0: 0.08; 1: 1.0},arrays/080_embed/nl_train_02_emb.npy,arrays/080_embed/nl_val_01_emb.npy,arrays/080_embed/4D_coord_4x16k.npy,arrays/encoded_dom_64_tanh_1.npy,man,[]
30,20170611,1733,1,5,0.0932278345282,0.997191356157,0.0813320927321,0.998274574234,0.328655834564,0.0202992427698,0.0382368104485,0.868977590312,0.0541315324558,0.000104361051007,cd,[1024],[1024],[1024],0.0001,0,64,relu,sgd,0.01,[None; None],[],{0: 0.08; 1: 1.0},arrays/080_embed/nl_train_02_emb.npy,arrays/080_embed/nl_val_01_emb.npy,arrays/080_embed/4D_coord_4x16k.npy,arrays/encoded_dom_64_tanh_1.npy,man,[]
30,20170611,2054,2,5,0.0063279137161,0.997199314265,0.0486538463759,0.998298236599,0.333333333333,0.0071617553143,0.0140222390926,0.870058563488,0.0499423844834,3.63028471375E-05,cd,[1024],[1024],[1024],0.0001,0,64,relu,sgd,0.01,[None; None],[],{0: 0.08; 1: 1.0},arrays/080_embed/nl_train_02_emb.npy,arrays/080_embed/nl_val_01_emb.npy,arrays/080_embed/4D_coord_4x16k.npy,arrays/encoded_dom_64_tanh_1.npy,man,[]
30,20170612,16,3,5,0.00606104029069,0.997196635871,0.0298065366476,0.998301936252,0.281124497992,0.00319313931211,0.00631455504939,0.873737719067,0.0472257809133,1.91919510345E-05,cd,[1024],[1024],[1024],0.0001,0,64,relu,sgd,0.01,[None; None],[],{0: 0.08; 1: 1.0},arrays/080_embed/nl_train_02_emb.npy,arrays/080_embed/nl_val_01_emb.npy,arrays/080_embed/4D_coord_4x16k.npy,arrays/encoded_dom_64_tanh_1.npy,man,[]
30,20170612,338,4,5,0.00601071720253,0.99718833092,0.0303959553289,0.998295307707,0.235772357724,0.00396861600219,0.00780584092235,0.873869725354,0.0453194571384,2.84410840631E-05,cd,[1024],[1024],[1024],0.0001,0,64,relu,sgd,0.01,[None; None],[],{0: 0.08; 1: 1.0},arrays/080_embed/nl_train_02_emb.npy,arrays/080_embed/nl_val_01_emb.npy,arrays/080_embed/4D_coord_4x16k.npy,arrays/encoded_dom_64_tanh_1.npy,man,[]
30,20170612,700,5,5,0.00597705497928,0.997195797668,0.0443278962434,0.99827326394,0.223880597015,0.00889517379801,0.0171105163866,0.872310928152,0.0413414498831,6.71332905664E-05,cd,[1024],[1024],[1024],0.0001,0,64,relu,sgd,0.01,[None; None],[],{0: 0.08; 1: 1.0},arrays/080_embed/nl_train_02_emb.npy,arrays/080_embed/nl_val_01_emb.npy,arrays/080_embed/4D_coord_4x16k.npy,arrays/encoded_dom_64_tanh_1.npy,man,[]
31,20170611,1846,1,5,0.00667123571167,0.997662300828,0.120468225245,0.994502931937,0.0754142886612,0.200118602317,0.109546283117,0.857187914276,0.0487368844806,0.00448367138786,cd,[1024],[1024],[1024],0,0.5,64,relu,sgd,0.01,[None; None],[],{0: 0.08; 1: 1.0},arrays/080_embed/nl_train_02_emb.npy,arrays/080_embed/nl_val_01_emb.npy,arrays/080_embed/4D_coord_4x16k.npy,arrays/encoded_dom_64_tanh_1.npy,man,[]
31,20170611,2011,2,5,0.00630393317818,0.997598732306,0.122304398357,0.993991994413,0.0722150110712,0.215719368671,0.108206436555,0.860404550267,0.0501357488364,0.00504732896985,cd,[1024],[1024],[1024],0,0.5,64,relu,sgd,0.01,[None; None],[],{0: 0.08; 1: 1.0},arrays/080_embed/nl_train_02_emb.npy,arrays/080_embed/nl_val_01_emb.npy,arrays/080_embed/4D_coord_4x16k.npy,arrays/encoded_dom_64_tanh_1.npy,man,[]
31,20170611,2135,3,5,0.00621015346613,0.997552265046,0.129115887618,0.996139951407,0.1029805713,0.16659063954,0.127280648253,0.863670684516,0.0534371739133,0.0027333500383,cd,[1024],[1024],[1024],0,0.5,64,relu,sgd,0.01,[None; None],[],{0: 0.08; 1: 1.0},arrays/080_embed/nl_train_02_emb.npy,arrays/080_embed/nl_val_01_emb.npy,arrays/080_embed/4D_coord_4x16k.npy,arrays/encoded_dom_64_tanh_1.npy,man,[]
31,20170611,2300,4,5,0.00614868586552,0.997508977175,0.129392798673,0.995920515725,0.0989082065611,0.174391022717,0.126225773434,0.865570114338,0.0533725852337,0.00297914574853,cd,[1024],[1024],[1024],0,0.5,64,relu,sgd,0.01,[None; None],[],{0: 0.08; 1: 1.0},arrays/080_embed/nl_train_02_emb.npy,arrays/080_embed/nl_val_01_emb.npy,arrays/080_embed/4D_coord_4x16k.npy,arrays/encoded_dom_64_tanh_1.npy,man,[]
31,20170612,239,5,5,0.00610464494585,0.99748570019,0.134124390849,0.997292701686,0.146733022957,0.125079828483,0.135043955773,0.868210546756,0.057952160664,0.00144032124089,cd,[1024],[1024],[1024],0,0.5,64,relu,sgd,0.01,[None; None],[],{0: 0.08; 1: 1.0},arrays/080_embed/nl_train_02_emb.npy,arrays/080_embed/nl_val_01_emb.npy,arrays/080_embed/4D_coord_4x16k.npy,arrays/encoded_dom_64_tanh_1.npy,man,[]
32,20170612,353,1,5,0.0472831414823,0.997202252792,0.136082474163,0.996834792525,0.12720049852,0.148982757048,0.137232656834,0.876097014178,0.0617125863338,0.0019790061637,cd,[1024],[1024],[1024],1E-05,0,64,relu,sgd,0.01,[None; None],[],{0: 0.08; 1: 1.0},arrays/080_embed/nl_train_02_emb.npy,arrays/080_embed/nl_val_01_emb.npy,arrays/080_embed/4D_coord_4x16k.npy,arrays/encoded_dom_64_tanh_1.npy,man,[]
32,20170612,715,2,5,0.0271400192104,0.9970613962,0.14768882847,0.997125677759,0.149182872272,0.149073989599,0.149128411061,0.886174935093,0.0692176220161,0.00168842923438,cd,[1024],[1024],[1024],1E-05,0,64,relu,sgd,0.01,[None; None],[],{0: 0.08; 1: 1.0},arrays/080_embed/nl_train_02_emb.npy,arrays/080_embed/nl_val_01_emb.npy,arrays/080_embed/4D_coord_4x16k.npy,arrays/encoded_dom_64_tanh_1.npy,man,[]
32,20170612,1038,3,5,0.0166823572317,0.996970311506,0.146826430877,0.997359757901,0.162313126335,0.13520664173,0.147525072792,0.887970195069,0.0696776536091,0.00140748681864,cd,[1024],[1024],[1024],1E-05,0,64,relu,sgd,0.01,[None; None],[],{0: 0.08; 1: 1.0},arrays/080_embed/nl_train_02_emb.npy,arrays/080_embed/nl_val_01_emb.npy,arrays/080_embed/4D_coord_4x16k.npy,arrays/encoded_dom_64_tanh_1.npy,man,[]
33,20170612,1100,1,5,0.00628787614146,0.997410647327,0.126603127551,0.993407834586,0.070334243022,0.237478332269,0.108526162185,0.866854478886,0.0559798219923,0.0057050194043,cd,[1024],[1024],[1024],0,0.25,64,relu,sgd,0.01,[None; None],[],{0: 0.08; 1: 1.0},arrays/080_embed/nl_train_02_emb.npy,arrays/080_embed/nl_val_01_emb.npy,arrays/080_embed/4D_coord_4x16k.npy,arrays/encoded_dom_64_tanh_1.npy,man,[]
33,20170612,1224,2,5,0.00596200919972,0.997376184671,0.135472835965,0.995667166557,0.0985084412391,0.191907672658,0.130189233935,0.873230055916,0.0614661312727,0.00329168936879,cd,[1024],[1024],[1024],0,0.25,64,relu,sgd,0.01,[None; None],[],{0: 0.08; 1: 1.0},arrays/080_embed/nl_train_02_emb.npy,arrays/080_embed/nl_val_01_emb.npy,arrays/080_embed/4D_coord_4x16k.npy,arrays/encoded_dom_64_tanh_1.npy,man,[]
33,20170612,1348,3,5,0.00584580546788,0.997355952192,0.139980197294,0.995673024341,0.101469868853,0.198704497765,0.1343387149,0.877543293387,0.0640763351311,0.0033088002649,cd,[1024],[1024],[1024],0.0,0.25,64,relu,sgd,0.01,[None; None],[],{0: 0.08; 1: 1.0},arrays/080_embed/nl_train_02_emb.npy,arrays/080_embed/nl_val_01_emb.npy,arrays/080_embed/4D_coord_4x16k.npy,arrays/encoded_dom_64_tanh_1.npy,man,[],
32,20170612,1400,4,5,0.0112562975175,0.996911097784,0.153840866417,0.997205066151,0.158603942482,0.15194781498,0.155204547572,0.891523786879,0.0728866997697,0.00161875243223,cd,[1024],[1024],[1024],1e-05,0.0,64,relu,sgd,0.01,[None; None],[],{0: 0.08; 1: 1.0},arrays/080_embed/nl_train_02_emb.npy,arrays/080_embed/nl_val_01_emb.npy,arrays/080_embed/4D_coord_4x16k.npy,arrays/encoded_dom_64_tanh_1.npy,man,[],
33,20170612,1513,4,5,0.0057606523561,0.997337030006,0.142914714225,0.996144190593,0.112551009154,0.186205638172,0.14029902045,0.880723507881,0.065671691446,0.0027953963057,cd,[1024],[1024],[1024],0.0,0.25,64,relu,sgd,0.01,[None; None],[],{0: 0.08; 1: 1.0},arrays/080_embed/nl_train_02_emb.npy,arrays/080_embed/nl_val_01_emb.npy,arrays/080_embed/4D_coord_4x16k.npy,arrays/encoded_dom_64_tanh_1.npy,man,[],
33,20170612,1637,5,5,0.00568955198217,0.997323474245,0.144324203257,0.995672561884,0.10420280804,0.205501322872,0.138285626583,0.883065438021,0.0675419118352,0.0033322314019,cd,[1024],[1024],[1024],0.0,0.25,64,relu,sgd,0.01,[None; None],[],{0: 0.08; 1: 1.0},arrays/080_embed/nl_train_02_emb.npy,arrays/080_embed/nl_val_01_emb.npy,arrays/080_embed/4D_coord_4x16k.npy,arrays/encoded_dom_64_tanh_1.npy,man,[],
32,20170612,1723,5,5,0.00844991351679,0.996855843847,0.154116399437,0.997254626089,0.161785767198,0.149438919807,0.155367432596,0.891240882406,0.075374672003,0.00156071412248,cd,[1024],[1024],[1024],1e-05,0.0,64,relu,sgd,0.01,[None; None],[],{0: 0.08; 1: 1.0},arrays/080_embed/nl_train_02_emb.npy,arrays/080_embed/nl_val_01_emb.npy,arrays/080_embed/4D_coord_4x16k.npy,arrays/encoded_dom_64_tanh_1.npy,man,[],
35,20170612,2149,1,10,0.00583807992704,0.997211299601,0.13948430324,0.997625208019,0.177397111127,0.111486178268,0.136922602874,0.87416493497,0.0636249281097,0.0010618775478,cd,[1024; 1024],[1024; 1024],[1024; 1024],0.0,0.0,64,relu,sgd,0.01,[None; None],[],{0: 0.08; 1: 1.0},arrays/080_embed/nl_train_02_emb.npy,arrays/080_embed/nl_val_01_emb.npy,arrays/080_embed/4D_coord_4x16k.npy,arrays/encoded_dom_64_tanh_1.npy,man,[],
